Player,Image,Country,URL,DOB,Birthplace,Racket,Height (cm),
Abdalla Hafez,https://cdn.filepicker.io/IZlZhUUQA2PMnb7hmGuW,Egypt,https://www.psasquashtour.com/player/abdalla-hafez/,2024-10-21,"Mohandseen, Egypt",,192,
Abdelrahman Nassar,https://cdn.filepicker.io/hx68Y3ofS8WCF59pttad,Egypt,https://www.psasquashtour.com/player/abdelrahman-nassar/,2002-04-30,"Cairo, Egypt",Dunlop,181,
Abdulla Al Tamimi,https://www.psasquashtour.com/wp-content/uploads/2023/11/abdullah-Al-Tamimi-copy-1024x1024.png,Qatar,https://www.psasquashtour.com/player/abdulla-al-tamimi/,1994-12-15,"Doha, Qatar",Harrow,170,
Abhay Singh,https://www.psasquashtour.com/wp-content/uploads/2024/08/10-1-1024x1024.png,India,https://www.psasquashtour.com/player/abhay-singh/,1998-09-03,"Chennai, India",Head,183,
Addeen Idrakie,https://cdn.filestackcontent.com/4iYvPr85Tla9RZ5op1YY,Malaysia,https://www.psasquashtour.com/player/addeen-idrakie/,1994-01-05,"Kuala Lumpur, Malaysia",,165,
Adegoke Onaopemipo,https://cdn.filepicker.io/jdjwe2ZgRJOLs1XJOJhO,Nigeria,https://www.psasquashtour.com/player/adegoke-onaopemipo/,1999-09-25,"Lagos, Nigeria",Shahtoosh,188,
Adrian Waller,https://www.psasquashtour.com/wp-content/uploads/2023/11/KU8eEEkg.png,England,https://www.psasquashtour.com/player/adrian-waller/,1989-12-26,"London, England",Black Knight,192,
Ahsan Ayaz,https://cdn.filepicker.io/KJ7WZcIeSDWgdP8fEkRw,Pakistan,https://www.psasquashtour.com/player/ahsan-ayaz/,1998-10-05,"Peshawar, Pakistan",,176,
Alejandro Enriquez,https://cdn.filestackcontent.com/bFY75b0QkOWhGDBBbgdA,Guatemala,https://www.psasquashtour.com/player/alejandro-enriquez/,2000-01-17,"Guatemala, Guatemala",Dunlop,169,
Alejandro Reyes,https://cdn.filestackcontent.com/zNDWN5WtQhmuu4BjeeHa,Mexico,https://www.psasquashtour.com/player/alejandro-reyes/,1996-08-07,"Puebla, Mexico",Harrow,179,
Alex Lau,https://www.squashinfo.com/img/players/LauTszKwan_Feb19a8.jpg,Hong Kong,https://www.psasquashtour.com/player/alex-lau/,,"Hong Kong, Hong Kong",Tecnifibre,170,
Alfredo Avila Vergara,https://cdn.filepicker.io/ufNCSm6PSHaWLfLZeCLt,Mexico,https://www.psasquashtour.com/player/alfredo-avila-vergara/,1991-06-17,"Mexico City, Mexico",Oliver,168,
Ali Farag,https://www.psasquashtour.com/wp-content/uploads/2023/11/p9wIq5CA-1024x1024.png,Egypt,https://www.psasquashtour.com/player/ali-farag/,1992-04-22,"Cairo, Egypt",Dunlop,182,
Alvaro Buenaño,https://cdn.filestackcontent.com/soItsHiOT42Ujc1pswJj,Ecuador,https://www.psasquashtour.com/player/alvaro-buenaño/,1999-05-28,"Ambato, Ecuador",Tecnifibre,174,
Aly Abou Eleinen,https://www.psasquashtour.com/wp-content/uploads/2024/04/aly-abou-eleinen-1080-1024x1024.png,Egypt,https://www.psasquashtour.com/player/aly-abou-eleinen/,2000-01-01,"Alexandria, Egypt",Dunlop,176,
Aly Ezzat,https://cdn.filepicker.io/BsEeCP6yTOa6PwDeUW4L,,https://www.psasquashtour.com/player/aly-ezzat/,2007-07-15,,Tecnifibre,180,
Aly Hussein,https://cdn.filestackcontent.com/cstQe7h9Spe5b159doaw,Egypt,https://www.psasquashtour.com/player/aly-hussein/,2000-03-25,"Cairo, Egypt",Dunlop,173,
Ameeshenraj Chandaran,https://cdn.filestackcontent.com/rh88kMZ7TpmFxmkRKoJs,Malaysia,https://www.psasquashtour.com/player/ameeshenraj-chandaran/,2004-01-31,"Seremban, Malaysia",Dunlop,176,
Ammar Altamimi,https://cdn.filepicker.io/DcB8YTzReelzBmf5YcqS,Kuwait,https://www.psasquashtour.com/player/ammar-altamimi/,1988-09-12,"Kuwait City, Kuwait",,175,
Andes Ling,https://cdn.filepicker.io/5ZsCwFZERDqo4T58DD5I,Hong Kong,https://www.psasquashtour.com/player/andes-ling/,1997-09-25,"Hong Kong, Hong Kong",HK Squash Gear,170,
Andres Herrera,https://www.psasquashtour.com/wp-content/uploads/2022/11/Screenshot-2022-11-05-at-17.27.56.png,Colombia,https://www.psasquashtour.com/player/andres-herrera/,1996-05-06,"Bogota, Colombia",Black Knight,174,
Anthony Lepper,https://cdn.filepicker.io/AJjXXcXqSAqlDUqTFGBD,New Zealand,https://www.psasquashtour.com/player/anthony-lepper/,2000-07-08,"Auckland, New Zealand",Head,179,
Aqeel Rehman,https://cdn.filestackcontent.com/e45ust0ToKjLA4Br7iMK,Austria,https://www.psasquashtour.com/player/aqeel-rehman/,1985-12-12,"Salzburg, Austria",Oliver,172,
Auguste Dussourd,https://www.psasquashtour.com/wp-content/uploads/2023/12/auguste-dussourd-copy-1024x1024.png,France,https://www.psasquashtour.com/player/auguste-dussourd/,1996-02-10,"Nogent sur Marne, France",Tecnifibre,185,
Bailey Malik,https://cdn.filestackcontent.com/A0Ql3gvnSZOMBx9P7fBp,England,https://www.psasquashtour.com/player/bailey-malik/,2006-01-20,"Redhill, England",Tecnifibre,189,
Balazs Farkas,https://www.psasquashtour.com/wp-content/uploads/2024/08/4-1-1024x1024.png,Hungary,https://www.psasquashtour.com/player/balazs-farkas/,1997-04-02,"Tatabanya, Hungary",Dunlop,190,
Baptiste Bouin,https://cdn.filepicker.io/kuDvnkGpTiGP9Nh7M4lX,France,https://www.psasquashtour.com/player/baptiste-bouin/,2002-12-12,"Nantes, France",Dunlop,180,
Baptiste Masotti,https://www.psasquashtour.com/wp-content/uploads/2023/11/XauFa0Vy-1024x1024.png,France,https://www.psasquashtour.com/player/baptiste-masotti/,1995-06-05,"Niort, France",Oliver,183,
Ben Smith,https://cdn.filepicker.io/o0MyF7oVShWquizKwXjd,England,https://www.psasquashtour.com/player/ben-smith/,2002-05-15,"Grimsby, England",Dunlop,194,
Benjamin Ratcliffe,https://cdn.filepicker.io/tiyoWqYIS3q3GsglGndf,Australia,https://www.psasquashtour.com/player/benjamin-ratcliffe/,1999-10-10,"Shepparton, Australia",Stellar,171,
Bernat Jaume,https://www.psasquashtour.com/wp-content/uploads/2024/02/bernat-jaume-copy-1024x1024.png,Sprain,https://www.psasquashtour.com/player/bernat-jaume/,1995-11-19,"Igualada, Spain",Tecnifibre,186,
Borja Golan,https://d3sitlfrz6piv5.cloudfront.net/eyJidWNrZXQiOiJwc2Etb21ha2lzb2Z0Iiwia2V5IjoiaW1hZ2VzL3BsYXllcnMvNjMzLmpwZyIsImVkaXRzIjp7InJlc2l6ZSI6eyJ3aWR0aCI6MTAwMCwiaGVpZ2h0IjoxMDAwLCJmaXQiOiJjb250YWluIn0sInNtYXJ0Q3JvcCI6eyJwYWRkaW5nIjo1MH19fQ==,Spain,https://www.psasquashtour.com/player/borja-golan/,1983-01-06,Santiago de Compostel,Eye,182,
Brice Nicolas,https://cdn.filestackcontent.com/LedIB76QEu44LF68bkfP,France,https://www.psasquashtour.com/player/brice-nicolas/,2003-11-23,"Noumea, New Caledonia",Tecnifibre,175,
Bryan Lim,https://cdn.filepicker.io/tzEMZatRTpysGxB7SQvr,Malaysia,https://www.psasquashtour.com/player/bryan-lim/,1996-02-01,"Seremban, Malaysia",Tecnifibre,178,
Cameron Pilley,https://commonwealthgames.com.au/wp-content/uploads/Pilley-Cameron-5.jpg,Australia,https://www.psasquashtour.com/player/cameron-pilley/,1982-10-27,"Yamba, Australia",Karakal,193,
Cesar Salazar,https://www.psasquashtour.com/wp-content/uploads/2024/02/cesar-salazar-copy-1024x1024.png,Mexico,https://www.psasquashtour.com/player/cesar-salazar/,1988-01-03,"San Luis Potosi, Mexico",Head,177,
Cesar Segundo Corona,https://cdn.filepicker.io/8lLcBJLHRPSsx6f1Jska,Mexico,https://www.psasquashtour.com/player/cesar-segundo-corona/,1999-12-15,"Puebla, Mexico",,175,
Charlie Lee,https://www.psasquashtour.com/wp-content/uploads/2024/02/charlie-lee-copy-1024x1024.png,England,https://www.psasquashtour.com/player/charlie-lee/,1998-05-13,"Kingston-upon-Thames, England",Victor,182,
Chi Him Wong,https://cdn.filestackcontent.com/qvePB6ZLQqCcp4dmmD8q,Hong Kong,https://www.psasquashtour.com/player/chi-him-wong/,1994-04-08,"Hong Kong, Hong Kong",Head,178,
Christopher Gordon,https://cdn.filestackcontent.com/Ge9nGCznQPOpZyvngCQ8,United States,https://www.psasquashtour.com/player/christopher-gordon/,1986-07-17,"New York, United States",Tecnifibre,190,
Connor Turk,https://cdn.filepicker.io/3bohpjZrQWWI9BPUMunB,Canada,https://www.psasquashtour.com/player/connor-turk/,1994-01-12,"Winnipeg, Canada",Unsquashable,182,
Curtis Malik,https://www.psasquashtour.com/wp-content/uploads/2024/08/3-1-1024x1024.png,England,https://www.psasquashtour.com/player/curtis-malik/,1999-07-26,"Redhill, England",Mantis,191,
Damian Groenewald,https://cdn.filestackcontent.com/fKbkoQ1YQMGU9GwU8GEO,South Africa,https://www.psasquashtour.com/player/damian-groenewald/,2003-10-16,"Kempton Park, South Africa",Tecnifibre,170,
Daniel Poleshchuk,https://cdn.filestackcontent.com/nsVB0M6LTKUyNwbwVO8O,Israel,https://www.psasquashtour.com/player/daniel-poleshchuk/,1996-02-11,"Ramat Gan, Israel",Tecnifibre,169,
Darren Pragasam,https://cdn.filepicker.io/Emwhh0K3RIqHxXXpwRYV,Malaysia,https://www.psasquashtour.com/player/darren-pragasam/,1999-08-27,"Negeri Sembilan, Malaysia",,170,
Daryl Selby,https://d3sitlfrz6piv5.cloudfront.net/eyJidWNrZXQiOiJwc2Etb21ha2lzb2Z0Iiwia2V5IjoiaW1hZ2VzL3BsYXllcnMvMzk5LmpwZyIsImVkaXRzIjp7InJlc2l6ZSI6eyJ3aWR0aCI6MTAwMCwiaGVpZ2h0IjoxMDAwLCJmaXQiOiJjb250YWluIn0sInNtYXJ0Q3JvcCI6eyJwYWRkaW5nIjo1MH19fQ==,England,https://www.psasquashtour.com/player/daryl-selby/,1982-11-03,"Harlow, England",Black Knight,180,
David Baillargeon,https://www.psasquashtour.com/wp-content/uploads/2023/11/david-baillargeon-copy-1024x1024.png,Canada,https://www.psasquashtour.com/player/david-baillargeon/,1996-03-14,"Levis, Canada",Harrow,179,
David Bernet,https://cdn.filestackcontent.com/i31mSYUR2em4McWUA5UB,Switzerland,https://www.psasquashtour.com/player/david-bernet/,2005-04-24,"Uster, Switzerland",Tecnifibre,174,
David Costales,https://cdn.filepicker.io/ljSjoRuQvmTKSByBnUcw,Ecuador,https://www.psasquashtour.com/player/david-costales/,2002-12-31,"Quito, Ecuador",,173,
David Maier,https://cdn.filepicker.io/CJdgYNw7ROe5kPINqZWv,Liechtenstein,https://www.psasquashtour.com/player/david-maier/,2001-05-07,"Vaduz, Liechtenstein",Karakal,178,
Declan James,https://www.psasquashtour.com/wp-content/uploads/2023/12/declsn-james-copy-1024x1024.png,England,https://www.psasquashtour.com/player/declan-james/,1993-04-19,"Nottingham, England",Harrow,193,
Dewald van Niekerk,https://cdn.filestackcontent.com/7bheuse2S36mmzimUqfb,South Africa,https://www.psasquashtour.com/player/dewald-van-niekerk/,1997-06-03,"Port Elizabeth, South Africa",Tecnifibre,183,
Diego Elias,https://www.psasquashtour.com/wp-content/uploads/2023/12/diego-elias-copy-1-1024x1024.png,Peru,https://www.psasquashtour.com/player/diego-elias/,1996-11-19,"Lima, Peru",Dunlop,188,
Diego Gobbi,https://cdn.filestackcontent.com/bJjuKbUzTBCkgXAJQpVP,Brazil,https://www.psasquashtour.com/player/diego-gobbi/,1995-06-08,"Sao Paulo, Brazil",Unsquashable,,
Dillon Huang,https://cdn.filestackcontent.com/y0TvviJRcKSAojzfw6Ag,United States,https://www.psasquashtour.com/player/dillon-huang/,2001-09-30,"Fremont, United States",,183,
Dimitri Steinmann,https://www.psasquashtour.com/wp-content/uploads/2023/11/dimitri-steinmann-copy-1024x1024.png,Switzerland,https://www.psasquashtour.com/player/dimitri-steinmann/,1997-07-14,"Zurich, Switzerland",Harrow,180,
Duncan Lee,https://cdn.filepicker.io/VkBWaSBcSeMexf8u3OBP,Malaysia,https://www.psasquashtour.com/player/duncan-lee/,2002-07-19,"Kota Kinabalu, Malaysia",Dunlop,176,
Dylan Molinaro,https://cdn.filestackcontent.com/JL4azABRm1svGlyck1mQ,Australia,https://www.psasquashtour.com/player/dylan-molinaro/,2002-03-08,"Melbourne, Australia",,183,
Eain Yow Ng,https://www.psasquashtour.com/wp-content/uploads/2023/11/wENLvukf-1024x1024.png,Malaysia,https://www.psasquashtour.com/player/eain-yow-ng/,1998-01-26,"Kuala Lumpur, Malaysia",Dunlop,170,
Edgar Ramirez,https://cdn.filepicker.io/vcXJFILDQoyOiBsoBByX,Colombia,https://www.psasquashtour.com/player/edgar-ramirez/,1995-03-01,"Bogota, Colombia",,178,
Edmon Lopez,https://cdn.filepicker.io/PDpIATYQ6GCj5y3rhFiL,Spain,https://www.psasquashtour.com/player/edmon-lopez/,1996-07-16,"Barcelona, Spain",Tecnifibre,177,
Edwin Clain,https://cdn.filestackcontent.com/W6mJqS0cSFyqnmm7sr2h,France,https://www.psasquashtour.com/player/edwin-clain/,1999-11-09,"Creteil, France",Tecnifibre,184,
Elijah Thomas,https://cdn.filepicker.io/JDgmZF4URyuetN4mK6ZC,New Zealand,https://www.psasquashtour.com/player/elijah-thomas/,2002-11-22,"Auckland, New Zealand",Tecnifibre,185,
Emyr Evans,https://www.psasquashtour.com/wp-content/uploads/2024/08/13-1-1024x1024.png,Wales,https://www.psasquashtour.com/player/emyr-evans/,1996-11-25,"Cardiff, Wales",Karakal,180,
Faraz Khan,https://www.squashinfo.com/img/players/FarazKhan_Sep23a.jpg,United States,https://www.psasquashtour.com/player/faraz-khan/,1993-09-12,"Stamford, United States",Tecnifibre,178,
Fares Dessouky,https://www.psasquashtour.com/wp-content/uploads/2024/04/fares-dessouky-1080-1024x1024.png,Egypt,https://www.psasquashtour.com/player/fares-dessouky/,1994-09-29,"Alexandria, Egypt",Tecnifibre,178,
Finnlay Withington,https://www.psasquashtour.com/wp-content/uploads/2024/08/15-1-1024x1024.png,England,https://www.psasquashtour.com/player/finnlay-withington/,2004-04-03,"Manchester, England",Dunlop,173,
Francesco Marcantonio,https://cdn.filepicker.io/LwEWNBN2TDe9NwTcHiQ6,Paraguay,https://www.psasquashtour.com/player/francesco-marcantonio/,1998-02-13,"Asuncion, Paraguay",Dunlop,183,
Gabriel Olufunmilayo,https://www.squashinfo.com/img/players/GabrielOlufunmilayo_Oct24a.jpg,Nigeria,https://www.psasquashtour.com/player/gabriel-olufunmilayo/,,"Lagos, Nigeria",,185,
George Parker,https://www.psasquashtour.com/wp-content/uploads/2024/04/george-parker.png,England,https://www.psasquashtour.com/player/george-parker/,1996-04-25,"Leicester, England",Unsquashable,188,
Greg Lobban,https://www.psasquashtour.com/wp-content/uploads/2023/11/4ZVywQTA-1024x1024.png,Scotland,https://www.psasquashtour.com/player/greg-lobban/,1992-08-12,"Inverness, Scotland",Karakal,184,
Gregoire Marche,https://www.psasquashtour.com/wp-content/uploads/2023/11/BVRYXWTA-1024x1024.png,France,https://www.psasquashtour.com/player/gregoire-marche/,1990-03-03,"Valence, France",Tecnifibre,170,
Gregory Gaultier,https://dd34e8y1ttmkb.cloudfront.net/images/players/headshots/gregory-gaultier.png,France,https://www.psasquashtour.com/player/gregory-gaultier/,1982-12-23,"Epinal, France",Dunlop,176,
Guilherme Melo,https://cdn.filepicker.io/JF0FW0GZRcyua8kcOnUo,Brazil,https://www.psasquashtour.com/player/guilherme-melo/,1991-09-10,"Sao Paulo, Brazil",Dunlop,193,
Hamza Khan,https://cdn.filepicker.io/eCkzCPoRgaD2gN68wvbw,Pakistan,https://www.psasquashtour.com/player/hamza-khan/,2005-11-02,"Peshawar, Pakistan",Tecnifibre,170,
Harley Lam,https://cdn.filestackcontent.com/h4VlkFuWSneqOjgX7goP,Hong Kong,https://www.psasquashtour.com/player/harley-lam/,1999-05-31,"Hong Kong, Hong Kong",Dunlop,168,
Hazem Hossam,https://cdn.filepicker.io/lXWmzBTrSu6Yo6Hf1m6h,Egypt,https://www.psasquashtour.com/player/hazem-hossam/,2003-02-03,"Cairo, Egypt",,185,
Henrik Mustonen,https://cdn.filestackcontent.com/nlnt77GQVSTYUrNkCy0g,Finland,https://www.psasquashtour.com/player/henrik-mustonen/,1990-11-06,"Hollola, Finland",Karakal ,184,
Henry Leung,https://www.psasquashtour.com/wp-content/uploads/2023/12/henry-leung-copy-1-1024x1024.png,Hong Kong,https://www.psasquashtour.com/player/henry-leung/,1995-03-10,"Hong Kong, Hong Kong",,180,
Ibrahim Elkabbani,https://cdn.filestackcontent.com/LbixJVDsQAqFDXPhVEYA,Egypt,https://www.psasquashtour.com/player/ibrahim-elkabbani/,2002-08-26,"Cairo, Egypt",Head,189,
Iker Pajares,https://www.psasquashtour.com/wp-content/uploads/2024/04/iker-pajares-1080-1024x1024.png,Spain,https://www.psasquashtour.com/player/iker-pajares/,1996-03-22,"Barcelona, Spain",Unsquashable,183,name is different from time series data
Ivan Perez,https://cdn.filestackcontent.com/ixp7WLZWRiWnQxkzj7Ba,Spain,https://www.psasquashtour.com/player/ivan-perez/,2000-12-17,"Tenerife, Spain",Unsquashable,175,
Jakub Solnicky,https://cdn.filestackcontent.com/DdUTqeqQiWMhDGuLtmnw,Czech Republic,https://www.psasquashtour.com/player/jakub-solnicky/,1994-12-16,"Opava, Czech Republic",Head,175,
James Peach,https://cdn.filepicker.io/EEPW769VTaqojtlOSf4m,England,https://www.psasquashtour.com/player/james-peach/,1997-06-14,"Doncaster, England",Karakal,172,
James Willstrop,https://www.psasquashtour.com/wp-content/uploads/2023/11/james-willstrop-copy-1024x1024.png,England,https://www.psasquashtour.com/player/james-willstrop/,1983-08-15,"North Walsham, England",Unsquashable,190,
Jan Wipperfürth,https://cdn.filepicker.io/CBbOpOvuRmyI9fFTc1jt,Germany,https://www.psasquashtour.com/player/jan-wipperfürth/,2002-11-14,"Moenchengladbach, Germany",Victor,195,
Javier Romo,https://cdn.filepicker.io/pYR19t9QEifyQvh9Agns,Ecuador,https://www.psasquashtour.com/player/javier-romo/,2005-09-18,"Quito, Ecuador",Dunlop,177,
Jeremias Azaña,https://www.squashinfo.com/img/players/JeremiasAza%C3%B1a_Nov24a.jpg,Argentina,https://www.psasquashtour.com/player/jeremias-azaña/,,"Cordoba, Spain",,178,
Jerome Aw,https://cdn.filepicker.io/HNIrQtwpTluETaj4mPtC,Singapore,https://www.psasquashtour.com/player/jerome-aw/,2002-11-26,"Singapore, Singapore",Eye,164,
Joachim Chuah,https://cdn.filepicker.io/XYKZ2LQtiLOt3g8m9ULg,Malaysia,https://www.psasquashtour.com/player/joachim-chuah/,2004-09-09,"Shah Alam, Malaysia",Head,167,
Joel Arscott,https://cdn.filestackcontent.com/2AIQgnkTHmB7Vq4WdceA,New Zealand,https://www.psasquashtour.com/player/joel-arscott/,1999-10-01,"Christchurch, New Zealand",Stellar Squash,,
Joel Makin,https://www.psasquashtour.com/wp-content/uploads/2024/02/joel-makin-copy-1024x1024.png,Wales,https://www.psasquashtour.com/player/joel-makin/,1994-10-27,"Pembrokeshire, Wales",Karakal,180,
Joeri Hapers,https://www.squashinfo.com/img/players/JoeriHapers_Jun22a.jpg,Belgium,https://www.psasquashtour.com/player/joeri-hapers/,1990-10-23,"Geel, Belgium",Dunlop,183,
Jonah Bryant,https://www.psasquashtour.com/wp-content/uploads/2024/08/11-1-1024x1024.png,England,https://www.psasquashtour.com/player/jonah-bryant/,2005-07-15,"Brighton, England",Dunlop,183,
Jorge Luis Gomez Dominguez,https://cdn.filepicker.io/dKHQUDFQVSZ770OJL5oR,Mexico,https://www.psasquashtour.com/player/jorge-luis-gomez-dominguez/,1998-09-14,"Xalapa, Mexico",Tecnifibre,173,
Joseph White,https://www.psasquashtour.com/wp-content/uploads/2024/08/16-1-1024x1024.png,Australia,https://www.psasquashtour.com/player/joseph-white/,1997-09-28,"Townsville, Australia",Dunlop,190,
Josue Enriquez,https://cdn.filestackcontent.com/h1qqBGkUSp6DhZW1ORNd,Guatemala,https://www.psasquashtour.com/player/josue-enriquez/,1994-11-09,"Guatemala, Guatemala",Dunlop,165,
Juan Vargas,https://cdn.filepicker.io/G3I8ULaTxCqMcR1TIyuJ,Colombia,https://www.psasquashtour.com/player/juan-vargas/,1994-04-18,"Bogota, Colombia",Head,174,
Kareem El Torkey,https://cdn.filepicker.io/DW9VE8WhR2aNDToH6VVd,Egypt,https://www.psasquashtour.com/player/kareem-el-torkey/,2004-09-21,"Cairo, Egypt",Tecnifibre,173,
Karim El Hammamy,https://www.psasquashtour.com/wp-content/uploads/2024/02/Karim-El-Hammamy-copy-1024x1024.png,Egypt,https://www.psasquashtour.com/player/karim-el-hammamy/,1995-11-04,"Cairo, Egypt",,171,
Karim Gawad,https://www.psasquashtour.com/wp-content/uploads/2024/02/karim-gawad-copy-1024x1024.png,Egypt,https://www.psasquashtour.com/player/karim-gawad/,1991-07-30,"Alexandria, Egypt",Harrow,173,
Khaled Labib,https://cdn.filepicker.io/evhyrbJ9SDuQUcVkDHHP,Egypt,https://www.psasquashtour.com/player/khaled-labib/,1997-01-03,"Cairo, Egypt",Dunlop,176,
Leandro Romiglio,https://cdn.filepicker.io/ffTi72iwQAqiZMxxQb9V,Argentina,https://www.psasquashtour.com/player/leandro-romiglio/,1991-02-11,"Mar del Plata, Argentina",Tecnifibre,176,
Leo Au,https://www.squashinfo.com/img/players/LeoAu_July11.jpg,Hong Kong,https://www.psasquashtour.com/player/leo-au/,1990-02-01,"Hong Kong, Hong Kong",Harrow,165,
Leo Chung,https://cdn.filestackcontent.com/JcrviCoSJmY2sIghRGPa,Hong Kong,https://www.psasquashtour.com/player/leo-chung/,2000-02-01,"Hong Kong, Hong Kong",,175,
Leonel Cardenas,https://www.psasquashtour.com/wp-content/uploads/2024/01/loenel-cardennas-copy-1024x1024.png,Mexico,https://www.psasquashtour.com/player/leonel-cardenas/,2000-02-08,"Naucalpan, Estado de Mexico, Mexico",Head,175,
Liam Marrison,https://cdn.filepicker.io/FpjEsWzMQIae0Rr8pggH,Canada,https://www.psasquashtour.com/player/liam-marrison/,2000-11-10,"Markham, Canada",Head,175,
Louai Hafez,https://cdn.filepicker.io/ngN6eAIJToL4F3vMbOaX,Switzerland,https://www.psasquashtour.com/player/louai-hafez/,2003-05-18,"Cairo, Egypt",Tecnifibre,174,
Lucas Serme,https://www.psasquashtour.com/wp-content/uploads/2024/02/lucas-serme-copy-1024x1024.png,France,https://www.psasquashtour.com/player/lucas-serme/,1992-02-25,"Creteil, France",Unsquashable,178,
Luis Quisquinay,https://cdn.filepicker.io/Eg4bvPiDRyi17HL7XHls,Guatemala,https://www.psasquashtour.com/player/luis-quisquinay/,1992-08-30,"Guatemala, Guatemala",Tecnifibre,163,
Lwamba Chileshe,https://www.psasquashtour.com/wp-content/uploads/2024/08/18-1-1024x1024.png,New Zealand,https://www.psasquashtour.com/player/lwamba-chileshe/,1999-04-26,"Ndola, Zambia",Unsquashable,182,
Macéo Levy,https://encrypted-tbn0.gstatic.com/images?q=tbn:ANd9GcSIVkUdohC3NGIDVM2h-kZqz9fiGgMGErPNYw&s,France,https://www.psasquashtour.com/player/macéo-levy/,2003-04-26,"Royan, France",Tecnifibre,180,
Martin Svec,https://cdn.filepicker.io/dqcV0hnpT923oJEW61ns,Czech Republic,https://www.psasquashtour.com/player/martin-svec/,1994-10-24,"Brno, Czech Republic",Salming,190,
Marwan Assal,https://cdn.filepicker.io/FsHxqSIVR2iPgfBnXKW7,,https://www.psasquashtour.com/player/marwan-assal/,2008-07-23,,Tecnifibre,179,
Marwan Elshorbagy,https://www.psasquashtour.com/wp-content/uploads/2023/12/marwan-elshorbagy-copy-1024x1024.png,England,https://www.psasquashtour.com/player/marwan-elshorbagy/,1993-07-30,"Alexandria, Egypt",Tecnifibre,183,
Mathieu Castagnet,https://d3sitlfrz6piv5.cloudfront.net/eyJidWNrZXQiOiJwc2Etb21ha2lzb2Z0Iiwia2V5IjoiaW1hZ2VzL3BsYXllcnMvOTMyLmpwZyIsImVkaXRzIjp7InJlc2l6ZSI6eyJ3aWR0aCI6MTAwMCwiaGVpZ2h0IjoxMDAwLCJmaXQiOiJjb250YWluIn0sInNtYXJ0Q3JvcCI6eyJwYWRkaW5nIjo1MH19fQ==,France,https://www.psasquashtour.com/player/mathieu-castagnet/,1986-11-14,"Saintes, France",Ion,178,
Matias Knudsen,https://cdn.filepicker.io/gTJIZ4sDRDONeUvqDzoo,Colombia,https://www.psasquashtour.com/player/matias-knudsen/,1999-10-05,"Bogota, Colombia",Dunlop,191,
Matias Lacroix,https://cdn.filepicker.io/O9YQDP5tT9ugU1nQirYl,Chile,https://www.psasquashtour.com/player/matias-lacroix/,1999-02-06,"Santiago, Chile",,173,
Matthew Lai,https://cdn.filestackcontent.com/m9ghmnsjTNavdJa8Uygc,Hong Kong,https://www.psasquashtour.com/player/matthew-lai/,1998-09-21,"Hong Kong, Hong Kong",,176,
Max Lee,https://dd34e8y1ttmkb.cloudfront.net/images/players/headshots/max-lee.png,Hong Kong,https://www.psasquashtour.com/player/max-lee/,1988-01-09,"Hong Kong, Hong Kong",Salming,177,
Mazen Gamal,https://cdn.filepicker.io/z2Fu9vMTJKQB3kAKKGrj,Egypt,https://www.psasquashtour.com/player/mazen-gamal/,1986-01-30,"Riyadh, Saudi Arabia",Head,190,
Mazen Hesham,https://www.psasquashtour.com/wp-content/uploads/2024/02/mazen-hesham.png,Egypt,https://www.psasquashtour.com/player/mazen-hesham/,1994-03-29,"Cairo, Egypt",Eye,186,
Melvil Scianimanico,https://www.squashinfo.com/img/players/MelvilScianimanico_Apr25a.jpg,France,https://www.psasquashtour.com/player/melvil-scianimanico/,,"Suresnes, France",Tecnifibre,180,
Miguel Rodriguez,https://www.psasquashtour.com/wp-content/uploads/2023/12/miguel-rodriguez-copy-1024x1024.png,Colombia,https://www.psasquashtour.com/player/miguel-rodriguez/,1985-12-20,"Bogota, Colombia",Tecnifibre,170,
Ming Hong Tang,https://www.psasquashtour.com/wp-content/uploads/2023/12/tang-ming-hong-copy-1-1024x1024.png,Hong Kong,https://www.psasquashtour.com/player/ming-hong-tang/,1993-07-23,"Hong Kong, Hong Kong",Dunlop,174,
Mohamad Zakaria,https://www.psasquashtour.com/wp-content/uploads/2024/08/9-1-1024x1024.png,Egypt,https://www.psasquashtour.com/player/mohamad-zakaria/,2007-09-22,"Alexandria, Egypt",Dunlop,180,
Mohamed Abouelghar,https://www.psasquashtour.com/wp-content/uploads/2023/12/mohamed-abouelghar-copy-1024x1024.png,Egypt,https://www.psasquashtour.com/player/mohamed-abouelghar/,1993-10-01,"Cairo, Egypt",Prince,177,
Mohamed Elsherbini,https://www.psasquashtour.com/wp-content/uploads/2023/11/pvgaX6QC-1024x1024.png,Egypt,https://www.psasquashtour.com/player/mohamed-elsherbini/,1992-09-15,"Alexandria, Egypt",Tecnifibre,180,
Mohamed Elshorbagy,https://www.psasquashtour.com/wp-content/uploads/2023/12/mohamed-elshorbagy-copy-1024x1024.png,Egypt,https://www.psasquashtour.com/player/mohamed-elshorbagy/,1991-01-12,"Alexandria, Egypt",Tecnifibre,185,
Mohamed Gohar,https://cdn.filestackcontent.com/4M4JHQUbQYW0w0mrcnRA,Egypt,https://www.psasquashtour.com/player/mohamed-gohar/,2002-09-23,"Peking, China",Tecnifibre,176,
Mohamed Nasser,https://cdn.filestackcontent.com/Y3SibYT5q7phj2T7DIvg,Egypt,https://www.psasquashtour.com/player/mohamed-nasser/,2003-11-04,"Cairo, Egypt",Tecnifibre,184,
Mohamed Nawar,https://cdn.filepicker.io/u6QDfwgESaWBfH9780mA,Egypt,https://www.psasquashtour.com/player/mohamed-nawar/,1991-07-23,"Alexandria, Egypt",,172,
Mohamed Sharaf,https://cdn.filepicker.io/kCN3PImSbi7FtRcEpmF3,Egypt,https://www.psasquashtour.com/player/mohamed-sharaf/,2001-11-07,"Cairo, Egypt",Dunlop,187,
Mohammad Syafiq Kamal,https://cdn.filepicker.io/CFEC8DaCS1jIupCb7KXv,Malaysia,https://www.psasquashtour.com/player/mohammad-syafiq-kamal/,1996-08-01,"Kota Bharu, Malaysia",Head,177,
Mostafa Asal,https://www.psasquashtour.com/wp-content/uploads/2023/11/T2r7WYXC-1024x1024.png,Egypt,https://www.psasquashtour.com/player/mostafa-asal/,2001-05-09,"Cairo, Egypt",Tecnifibre,189,
Moustafa Elsirty,https://cdn.filestackcontent.com/qRwotz4IQ9e0cKsooAPw,Egypt,https://www.psasquashtour.com/player/moustafa-elsirty/,2001-10-25,"Cairo, Egypt",Head,191,
Muhammad Ashab Irfan,https://cdn.filepicker.io/vG1wRVrQSaUnlUXa5CCg,Pakistan,https://www.psasquashtour.com/player/muhammad-ashab-irfan/,2004-06-12,"Lahore, Pakistan",Stellar,169,
Muhammad Asim Khan,https://www.psasquashtour.com/wp-content/uploads/2024/08/14-1-1024x1024.png,Pakistan,https://www.psasquashtour.com/player/muhammad-asim-khan/,1996-10-29,"Lahore, Pakistan",Head,183,
Nasir Iqbal,https://cdn.filepicker.io/0BPd3UjlRfVXmbGJbTIF,Pakistan,https://www.psasquashtour.com/player/nasir-iqbal/,1994-04-01,"Bannu, Pakistan",Dunlop,179,
Nathan Lake,https://www.psasquashtour.com/wp-content/uploads/2023/11/nathan-lake-copy-1024x1024.png,England,https://www.psasquashtour.com/player/nathan-lake/,1992-07-03,"Cheltenham, England",ProKennex,188,
Nicholas Spizzirri,https://cdn.filepicker.io/CU4AFo8cSSGDTuXwrFzu,,https://www.psasquashtour.com/player/nicholas-spizzirri/,2001-12-23,,,193,
Nick Matthew,https://www.psasquashtour.com/wp-content/uploads/2023/12/nick-matthew-copy-1024x1024.png,England,https://www.psasquashtour.com/player/nick-matthew/,1980-07-25,"Sheffield, England",Dunlop,183,
Nick Wall,https://www.psasquashtour.com/wp-content/uploads/2024/08/2-1-1024x1024.png,England,https://www.psasquashtour.com/player/nick-wall/,2000-02-24,"Sheffield, England",Unsquashable,186,
Nicolas Mueller,https://www.psasquashtour.com/wp-content/uploads/2023/11/fPMVZq7g.png,Switzerland,https://www.psasquashtour.com/player/nicolas-mueller/,1989-08-24,"Wintherthur ZH, Switzerland",Wilson,189,
Noah Meredith,https://cdn.filepicker.io/9EfMr3xQuyYy4pHdlDCW,England,https://www.psasquashtour.com/player/noah-meredith/,2001-07-26,"Brighton, England",Victor,178,
Noor Zaman,https://www.psasquashtour.com/wp-content/uploads/2024/08/17-1-1024x1024.png,Pakistan,https://www.psasquashtour.com/player/noor-zaman/,2004-04-01,"Peshawar, Pakistan",Dunlop,185,
Oliver Dunbar,https://cdn.filepicker.io/NGY1kqG3SuSdNFftBBKU,New Zealand,https://www.psasquashtour.com/player/oliver-dunbar/,2006-09-18,"Wellington, New Zealand",Tecnifibre,180,
Om Semwal,https://cdn.filepicker.io/abZ8BWZVQaaLTSP4u0MM,India,https://www.psasquashtour.com/player/om-semwal/,2004-02-21,"Mumbai, India",Head,180,
Omar Mosaad,https://www.psasquashtour.com/wp-content/uploads/2023/11/naw8AXMw-1024x1024.png,Egypt,https://www.psasquashtour.com/player/omar-mosaad/,1988-03-17,"Cairo, Egypt",Tecnifibre,193,
Omar Said,https://cdn.filepicker.io/mHL5QuCTvSt61UJ7QdWa,Egypt,https://www.psasquashtour.com/player/omar-said/,2004-09-25,"Alexandria, Egypt",Tecnifibre,173,
Ondrej Vorlicek,https://cdn.filestackcontent.com/dfrMPGRnQ4uH04sYLXul,Czech Republic,https://www.psasquashtour.com/player/ondrej-vorlicek/,2000-03-03,"Teplice, Czech Republic",Dunlop,185,
Ong Sai Hung,https://cdn.filepicker.io/AVBr1QQDQvSZOkS5dhHa,Malaysia,https://www.psasquashtour.com/player/ong-sai-hung/,1999-02-21,"Perlis, Malaysia",,174,
Owain Taylor,https://cdn.filestackcontent.com/KL9aXJLFRj2YLaGAZDuY,Wales,https://www.psasquashtour.com/player/owain-taylor/,1996-01-18,"Colchester, England",Unsquashable,191,
Patrick Rooney,https://www.psasquashtour.com/wp-content/uploads/2023/12/patrick-rooney-copy-1-1024x1024.png,England,https://www.psasquashtour.com/player/patrick-rooney/,1997-06-16,"St. Helens, England",305 Squash,185,
Paul Coll,https://www.psasquashtour.com/wp-content/uploads/2023/10/paul-coll-copy-1024x1024.png,New Zealand,https://www.psasquashtour.com/player/paul-coll/,1992-05-09,"Greymouth, New Zealand",Head,179,
Pedro Mometto,https://cdn.filepicker.io/OJgolmTaSKEpwxolpIkS,Brazil,https://www.psasquashtour.com/player/pedro-mometto/,1990-10-08,"Joinville, Brazil",Tecnifibre,173,
Perry Malik,https://cdn.filestackcontent.com/FhFtI8gThem3D344wuUQ,England,https://www.psasquashtour.com/player/perry-malik/,2001-06-13,"East Surrey, England",Mantis,180,
Ramit Tandon,https://www.psasquashtour.com/wp-content/uploads/2024/02/ramit-tandon-copy-1024x1024.png,India,https://www.psasquashtour.com/player/ramit-tandon/,1992-08-21,"Kolkata, India",Tecnifibre,178,
Ramy Ashour,https://dd34e8y1ttmkb.cloudfront.net/images/players/headshots/ramy-ashour.png,Egypt,https://www.psasquashtour.com/player/ramy-ashour/,1987-09-30,"Cairo, Egypt",Prince,180,
Raphael Kandra,https://www.psasquashtour.com/wp-content/uploads/2023/12/Raphael-Kandra-copy-1024x1024.png,Germany,https://www.psasquashtour.com/player/raphael-kandra/,1990-10-29,"Fuerth, Germany",Victor,181,
Ravindu Laksiri,https://cdn.filepicker.io/NYMCIEsoRKyUt1xfNGqP,Sri Lanka,https://www.psasquashtour.com/player/ravindu-laksiri/,1996-03-28,"Colombo, Sri Lanka",Head,181,
Rhys Dowling,https://cdn.filepicker.io/NOyjSra8QzOlUr0XeW76,Australia,https://www.psasquashtour.com/player/rhys-dowling/,1995-03-25,"Darwin, Australia",Inform,179,
Rhys Evans,https://cdn.filepicker.io/auPdwjFJRlSBkgiV1kGy,Wales,https://www.psasquashtour.com/player/rhys-evans/,2004-02-23,"Aberystwyth, Wales",,175,
Robert Downer,https://cdn.filepicker.io/tvNcdqNFRkuynI2aibDz,England,https://www.psasquashtour.com/player/robert-downer/,1992-03-24,"Portsmouth, England",Tecnifibre,183,
Robin Gadola,https://cdn.filepicker.io/JMrIbNRXTyq472GKTDCa,Switzerland,https://www.psasquashtour.com/player/robin-gadola/,1994-10-07,"Uster, Switzerland",Harrow,191,
Ronald Palomino,https://cdn.filestackcontent.com/HXYRiny4QoSYVqqLP174,Colombia,https://www.psasquashtour.com/player/ronald-palomino/,1998-12-20,"Cali, Colombia",Unsquashable,190,
Rory Stewart,https://www.psasquashtour.com/wp-content/uploads/2024/08/6-1-1024x1024.png,Scotland,https://www.psasquashtour.com/player/rory-stewart/,1996-07-19,"Perth, Scotland",Unsquashable,194,
Rowan Damming,https://cdn.filestackcontent.com/wrenHuiiTcN1sdWOrwjQ,Netherlands,https://www.psasquashtour.com/player/rowan-damming/,2004-09-05,"s-Hertogenbosch, Netherlands",Dunlop,184,
Rui Soares,https://cdn.filestackcontent.com/VzpkarUtQGi3yob8IDip,Portugal,https://www.psasquashtour.com/player/rui-soares/,1993-10-05,"Porto, Portugal",Head,190,
Ryan Cuskelly,https://d3sitlfrz6piv5.cloudfront.net/eyJidWNrZXQiOiJwc2Etb21ha2lzb2Z0Iiwia2V5IjoiaW1hZ2VzL3BsYXllcnMvMTA0OS5qcGciLCJlZGl0cyI6eyJyZXNpemUiOnsid2lkdGgiOjEwMDAsImhlaWdodCI6MTAwMCwiZml0IjoiY29udGFpbiJ9LCJzbWFydENyb3AiOnsicGFkZGluZyI6NTB9fX0=,Australia,https://www.psasquashtour.com/player/ryan-cuskelly/,1987-07-15,"Evans Head, Australia",,179,
Ryunosuke Tsukue,https://www.psasquashtour.com/wp-content/uploads/2024/02/ryunosuke-tsukue-copy-1024x1024.png,Japan,https://www.psasquashtour.com/player/ryunosuke-tsukue/,1997-08-13,"Yokohama, Japan",Dunlop,177,
Salah Eltorgman,https://cdn.filepicker.io/IZoDi0CHRO2L6A7MPL0g,Canada,https://www.psasquashtour.com/player/salah-eltorgman/,2002-10-30,"Cairo, Egypt",Dunlop,193,
Salem Al-Malki,https://cdn.filepicker.io/suFlhAPTT2eLogjbNeFg,Qatar,https://www.psasquashtour.com/player/salem-al-malki/,2005-04-05,"Doha, Qatar",,178,
Salim Khan,https://images.sidearmdev.com/crop?url=https%3A%2F%2Fdxbhsrqyrr690.cloudfront.net%2Fsidearm.nextgen.sites%2Fgwsports.com%2Fimages%2F2021%2F2%2F4%2FKhan.jpg&width=180&height=270&type=webp,United States,https://www.psasquashtour.com/player/salim-khan/,1998-12-29,"Bellevue, United States",,185,
Salman Khalil,https://cdn.filepicker.io/7ZGwwBNGTUuUTri9hb9I,Egypt,https://www.psasquashtour.com/player/salman-khalil/,2005-06-14,"Cairo, Egypt",Tecnifibre,177,
Sam Buckley,https://cdn.filepicker.io/Sy4rYpMSG6bETAIs1zJO,Ireland,https://www.psasquashtour.com/player/sam-buckley/,2001-06-22,"Dublin, Ireland",Dunlop,190,
Sam Todd,https://cdn.filestackcontent.com/MRy37AhBSHOil0Q9QbXn,England,https://www.psasquashtour.com/player/sam-todd/,2003-03-21,"Pontefract, England",Dunlop,193,
Samuel Osborne - Wylde,https://cdn.filestackcontent.com/VVt0Hi3KSLaaa4jeidtA,England,https://www.psasquashtour.com/player/samuel-osborne---wylde/,2004-01-16,"Birmingham, England",Dunlop,175,
Sanjay Jeeva,https://cdn.filepicker.io/hvV7qMaQomTDSgDPCC91,Malaysia,https://www.psasquashtour.com/player/sanjay-jeeva/,1999-07-03,"Kuala Lumpur, Malaysia",Tecnifibre,173,
Saurav Ghosal,https://www.psasquashtour.com/wp-content/uploads/2023/11/6XEF1q2w-1024x1024.png,India,https://www.psasquashtour.com/player/saurav-ghosal/,1987-08-10,"Kolkata, India",Head,167,
Sebastiaan Hofman,https://cdn.filestackcontent.com/jOuNHcWDTUSZzcYs3dAh,Netherlands,https://www.psasquashtour.com/player/sebastiaan-hofman/,2003-03-20,"Almere, Netherlands",Tecnifibre,192,
Sebastian Salazar,https://encrypted-tbn0.gstatic.com/images?q=tbn:ANd9GcTswexkLGztaKuChSWJcJ-ezxGtNRdddgZcXA&s,Mexico,https://www.psasquashtour.com/player/sebastian-salazar/,,"Jalisco, Mexico",,173,
Sebastien Bonmalais,https://www.psasquashtour.com/wp-content/uploads/2023/11/sebastian-bonmalais-copy-1024x1024.png,France,https://www.psasquashtour.com/player/sebastien-bonmalais/,1998-02-06,"Saint Pierre la reunion, France",,178,
Seif El-Shenawy,https://cdn.filepicker.io/TmCvSr4NRciVuYcvscDV,Egypt,https://www.psasquashtour.com/player/seif-el-shenawy/,2001-09-09,"Cairo, Egypt",Tecnifibre,188,
Seif Tamer,https://cdn.filepicker.io/2rztS0jiQ2WuE2cS0AJ4,Egypt,https://www.psasquashtour.com/player/seif-tamer/,2004-02-07,"Giza, Egypt",,195,
Shady Sherbiny,https://cdn.filepicker.io/FdWHnDggQiSUYMtDfzQi,Egypt,https://www.psasquashtour.com/player/shady-sherbiny/,1999-07-22,"Riyadh, Saudi Arabia",,178,
Shahjahan Khan,https://www.psasquashtour.com/wp-content/uploads/2023/12/shahjahan-kahn-copy-1-1024x1024.png,United States,https://www.psasquashtour.com/player/shahjahan-khan/,1995-03-05,"Quetta, Pakistan",Tecnifibre,167,
Shing Fung Lam,https://cdn.filestackcontent.com/lfhRIS9nSZ2p7tsgYEa4,Hong Kong,https://www.psasquashtour.com/player/shing-fung-lam/,2002-05-05,"Hong Kong, Hong Kong",,175,
Simon Herbert,https://www.psasquashtour.com/wp-content/uploads/2024/02/simon-herbert-copy-1024x1024.png,England,https://www.psasquashtour.com/player/simon-herbert/,2001-08-26,"Leicester, England",Dunlop,181,
Simon Rosner,https://www.squashinfo.com/img/players/SimonRosner_Jul17a.jpg,Germany,https://www.psasquashtour.com/player/simon-rosner/,1987-11-05,"Wurzburg, Germany",Oliver,190,
Spencer Lovejoy,https://cdn.filestackcontent.com/jVdMFjQbRx2AvF06evEY,United States,https://www.psasquashtour.com/player/spencer-lovejoy/,1998-05-14,"Stamford, United States",Dunlop,176,
Stephen Coppinger,https://encrypted-tbn0.gstatic.com/images?q=tbn:ANd9GcSnH4n9JxYbNV3s1fJPr9_BhS0uQZ1-Do8qJA&s,South Africa,https://www.psasquashtour.com/player/stephen-coppinger/,1984-09-24,"Dublin, Ireland",Salming,190,
Stuart MacGregor,https://cdn.filestackcontent.com/F0CWYrkDTEiBTR4P9NS2,England,https://www.psasquashtour.com/player/stuart-macgregor/,1998-06-26,"York, England",Prince,182,
Suraj Kumar Chand,https://cdn.filepicker.io/BT1Tuiz2S8uGKe2KYEY3,India,https://www.psasquashtour.com/player/suraj-kumar-chand/,2001-04-19,"Kalyan, Mumbai, India",,165,
Tarek Momen,https://www.psasquashtour.com/wp-content/uploads/2024/02/tarek-momen-copy-1024x1024.png,Egypt,https://www.psasquashtour.com/player/tarek-momen/,1988-02-23,"Cairo, Egypt",Head,174,
Taylor Carrick,https://cdn.filepicker.io/bMl7ENvRUKCMbgegwNsQ,Bermuda,https://www.psasquashtour.com/player/taylor-carrick/,2001-11-24,"Hamilton, Bermuda",,183,
Temwa Chileshe,https://cdn.filepicker.io/gkIQz9QTRFe1XcC4Nef0,New Zealand,https://www.psasquashtour.com/player/temwa-chileshe/,2000-08-02,"Christchurch, New Zealand",Stellar,185,
Timothy Brownell,https://www.psasquashtour.com/wp-content/uploads/2024/08/1-1-1024x1024.png,United States,https://www.psasquashtour.com/player/timothy-brownell/,1997-07-12,"Lebanon, United States",Harrow,183,
Tom Richards,https://dd34e8y1ttmkb.cloudfront.net/images/players/headshots/tom-richards.png,England,https://www.psasquashtour.com/player/tom-richards/,1986-07-10,"Guildford, England",Karakal,183,
Tom Walsh,https://www.psasquashtour.com/wp-content/uploads/2024/08/12-1-1024x1024.png,England,https://www.psasquashtour.com/player/tom-walsh/,1999-04-27,"Hemel Hempstead, England",Tecnifibre,185,
Tomo Endo,https://cdn.filestackcontent.com/Pe29hIQR5etxc5QPnklm,Japan,https://www.psasquashtour.com/player/tomo-endo/,1995-01-28,"Brisbane, Australia",Tecnifibre,186,
Toufik Mekhalfi,https://cdn.filepicker.io/fA1HFI6dS7Gr3OxV5B4B,France,https://www.psasquashtour.com/player/toufik-mekhalfi/,2002-01-30,"Toulouse, France",Tecnifibre,171,
Veer Chotrani,https://cdn.filestackcontent.com/6CzqEWfSQuf5SnjRqFi5,India,https://www.psasquashtour.com/player/veer-chotrani/,2001-10-25,"Mumbai, India",Ashaway,178,
Velavan Senthilkumar,https://www.psasquashtour.com/wp-content/uploads/2024/02/velavan-senthilkumar-copy-1024x1024.png,India,https://www.psasquashtour.com/player/velavan-senthilkumar/,1998-03-26,"Salem, India",,178,
Victor Crouin,https://www.psasquashtour.com/wp-content/uploads/2024/04/9iBqukHV.png,France,https://www.psasquashtour.com/player/victor-crouin/,1999-06-16,"Marseille, France",Dunlop,170,
Viktor Byrtus,https://cdn.filepicker.io/PzWLlsViS3ubU0rRKOcP,Czech Republic,https://www.psasquashtour.com/player/viktor-byrtus/,2001-02-17,"Trinec, Czech Republic",Tecnifibre,189,
Wailok To,https://cdn.filepicker.io/GdzZNBboTT6sLXS831hH,Hong Kong,https://www.psasquashtour.com/player/wailok-to/,2001-10-11,"Hong Kong, Hong Kong",Dunlop,181,
Yahya Elnawasany,https://cdn.filestackcontent.com/YipcfRLXSzmTAcDwzd2O,Egypt,https://www.psasquashtour.com/player/yahya-elnawasany/,2002-01-09,"Tanta, Egypt",Head,178,
Yannick Wilhelmi,https://www.psasquashtour.com/wp-content/uploads/2024/08/7-1-1024x1024.png,Switzerland,https://www.psasquashtour.com/player/yannick-wilhelmi/,2000-10-12,"Grabs, Switzerland",Unsquashable,190,
Yannik Omlor,https://cdn.filestackcontent.com/ZB72cC5cQkWlgZugrQvj,Germany,https://www.psasquashtour.com/player/yannik-omlor/,1996-09-03,"Hanau, Germany",Oliver,178,
Yassin Elshafei,https://cdn.filestackcontent.com/eMq4xvsQj6SGhWbn2JZh,Egypt,https://www.psasquashtour.com/player/yassin-elshafei/,2001-06-16,"Cairo, Egypt",Dunlop,185,
Yassin Shohdy,https://cdn.filestackcontent.com/VNxDxHfvRdek2komJUBn,Egypt,https://www.psasquashtour.com/player/yassin-shohdy/,2005-01-10,"Cairo, Egypt",Head,172,
Yee Xian Siow,https://cdn.filestackcontent.com/wqLiHSLtTDGEJHYJZIXs,Malaysia,https://www.psasquashtour.com/player/yee-xian-siow/,2000-10-03,,,183,
Yehia Essam,https://cdn.filepicker.io/kIbCiKFoRYKGq0jdgebo,Egypt,https://www.psasquashtour.com/player/yehia-essam/,1997-09-29,"Cairo, Egypt",Tecnifibre,174,
Youssef Ibrahim,https://www.psasquashtour.com/wp-content/uploads/2023/11/ACc0758f-1024x1024.png,Egypt,https://www.psasquashtour.com/player/youssef-ibrahim/,1999-03-02,"Cairo, Egypt",Harrow,177,
Youssef Soliman,https://www.psasquashtour.com/wp-content/uploads/2023/11/NyIrhZg-1024x1024.png,Egypt,https://www.psasquashtour.com/player/youssef-soliman/,1997-01-10,"Cairo, Egypt",Tecnifibre,176,
Zahed Salem,https://cdn.filepicker.io/Sqi1fOHNThWsdnN6u3XQ,Egypt,https://www.psasquashtour.com/player/zahed-salem/,1992-06-24,"Alexandria, Egypt",Head,175,
Ziad Ibrahim,https://cdn.filepicker.io/Qf8je0sTb2mCQdZ7nwrU,Egypt,https://www.psasquashtour.com/player/ziad-ibrahim/,2001-07-04,"Cairo, Egypt",,186,