Player,Image,Country,URL,DOB,Birthplace,Racket,Height (cm)
Aifa Azman,https://www.psasquashtour.com/wp-content/uploads/2023/11/UjyIoY4w.png,Malaysia,https://www.psasquashtour.com/player/aifa-azman/,2001-12-18,"Kedsh, Malaysia",Dunlop,162
Ainaa Amani,https://cdn.filestackcontent.com/xfKY2NLBTrw5vfX92bdA,Malaysia,https://www.psasquashtour.com/player/ainaa-amani/,2002-03-18,"Kuala Lumpur, Malaysia",Dunlop,165
Aira Azman,https://www.psasquashtour.com/wp-content/uploads/2023/12/aira-azman-copy-1024x1024.png,Malaysia,https://www.psasquashtour.com/player/aira-azman/,2004-09-29,"Kedah, Malaysia",Dunlop,167
Akanksha Salunkhe,https://cdn.filestackcontent.com/CcMY8yu2THaGpJx5XPGk,India,https://www.psasquashtour.com/player/akanksha-salunkhe/,1999-01-24,"Sataria, India",Harrow,152
Akari Midorikawa,https://cdn.filepicker.io/sJrU3kzAQ1CHN3v3w6Sv,Japan,https://www.psasquashtour.com/player/akari-midorikawa/,2005-08-15,"Chiba, Japan",Tecnifibre,151
Alex Haydon,https://www.psasquashtour.com/wp-content/uploads/2024/08/24-1-1024x1024.png,Australia,https://www.psasquashtour.com/player/alex-haydon/,2001-07-25,"Clare Valley, Australia",Dunlop,170
Alexandra Fuller,https://www.psasquashtour.com/wp-content/uploads/2023/11/8ME-K4no-1024x1024.png,South Africa,https://www.psasquashtour.com/player/alexandra-fuller/,1993-08-24,"Cape Town, South Africa",Head,168
Ali Loke,https://cdn.filestackcontent.com/1izGQNkySmWsLZy4IAJR,Wales,https://www.psasquashtour.com/player/ali-loke/,1993-05-26,"London, England",Karakal,170
Alicia Mead,https://www.psasquashtour.com/wp-content/uploads/2024/08/35-1024x1024.png,England,https://www.psasquashtour.com/player/alicia-mead/,1995-10-23,"Nuneaton, England",Ashaway,162
Alina Bushma,https://cdn.filestackcontent.com/PhvheGSdRLPQyHPzGB4A,Ukraine,https://www.psasquashtour.com/player/alina-bushma/,2000-12-06,"Kiev, Ukraine",Harrow,166
Alison Thomson,https://cdn.filestackcontent.com/FHXRA1UyRQO6vYLzTVeQ,Scotland,https://www.psasquashtour.com/player/alison-thomson/,1996-05-03,"Twickenham, England",Karakal,168
Alison Waters,https://www.squashinfo.com/img/players/AlisonWaters_May22a.jpg,England,https://www.psasquashtour.com/player/alison-waters/,1984-03-19,"London, England",Ashaway,170
Amanda Sobhy,https://www.psasquashtour.com/wp-content/uploads/2024/02/amanda-sobhy-copy-1024x1024.png,United States,https://www.psasquashtour.com/player/amanda-sobhy/,1993-06-29,"Sea Cliff, United States",Head,173
Ambre Allinckx,https://cdn.filestackcontent.com/dJ5jfUvOR8CAp2Nn0ehw,Switzerland,https://www.psasquashtour.com/player/ambre-allinckx/,2002-03-26,"Lucerne, Switzerland",Dunlop,173
Amina El Rihany,https://cdn.filestackcontent.com/ruAcFvsQRmQ0OABHRRRQ,Egypt,https://www.psasquashtour.com/player/amina-el-rihany/,2002-11-14,"Cairo, Egypt",,162
Amina Orfi,https://www.psasquashtour.com/wp-content/uploads/2023/11/3H5gc31k-1024x1024.png,Egypt,https://www.psasquashtour.com/player/amina-orfi/,2007-06-29,"Cairo, Egypt",Dunlop,167
Amina Orfi,https://www.psasquashtour.com/wp-content/uploads/2023/11/3H5gc31k-1024x1024.png,Egypt,https://www.psasquashtour.com/player/amina-orfi/,2007-06-29,"Cairo, Egypt",Dunlop,167
Ana Munos,https://cdn.filestackcontent.com/n0O5maoUTN6JWmWEKJPA,France,https://www.psasquashtour.com/player/ana-munos/,2004-07-12,"Kourou, French Guiana",Tecnifibre,170
Anahat Singh,https://cdn.filepicker.io/w0OOBZnBTa2WDhI2ZnWh,India,https://www.psasquashtour.com/player/anahat-singh/,2008-03-13,"New Delhi, India",Dunlop,165
Anjali Semwal,https://cdn.filepicker.io/jel5STICNkqzNBhBUBAc,India,https://www.psasquashtour.com/player/anjali-semwal/,2002-07-17,"Sarmal, India",Head,150
Anna Serme,https://cdn.filepicker.io/s5UdAS9qSIuAhKlZ1kXi,Czech Republic,https://www.psasquashtour.com/player/anna-serme/,1991-05-15,"Krnov, Czech Republic",Unsquashable,167
Annie Au,https://www.squashinfo.com/img/players/AnnieAu_Sep18a.jpg,Hong Kong,https://www.psasquashtour.com/player/annie-au/,1989-02-09,Hong Kong,Harrow,155
Anrie Goh,,Malaysia,https://www.psasquashtour.com/player/anrie-goh/,,"Alor Setar, Malaysia",,
Asia Harris,https://www.psasquashtour.com/wp-content/uploads/2024/08/23-1-1024x1024.png,England,https://www.psasquashtour.com/player/asia-harris/,2004-12-22,"Pontefract, England",Dunlop,180
Audrey Berling,https://cdn.filestackcontent.com/h38PfDETrCR4EkBuR7AJ,United States,https://www.psasquashtour.com/player/audrey-berling/,2000-12-22,"Toledo, United States",Harrow,177
Barb Sameh,https://cdn.filepicker.io/FLT7BaNSEewOzXBbqdzA,Egypt,https://www.psasquashtour.com/player/barb-sameh/,2007-08-12,"Cairo, Egypt",Tecnifibre,169
Bobo Lam,https://cdn.filestackcontent.com/4WRt0W4mT7qDXLxE1ZVa,Hong Kong,https://www.psasquashtour.com/player/bobo-lam/,2004-12-06,"Hong Kong, Hong Kong",Hong Kong Squash Gear,164
Breanne Flynn,https://cdn.filestackcontent.com/y0bqF4eRlOCGmZMgXPLQ,Ireland,https://www.psasquashtour.com/player/breanne-flynn/,1995-05-27,"Manhasset, United States",Dunlop,182
Bruna Marchesi Petrillo,https://cdn.filestackcontent.com/is75UMSQFGU3drK0YQVN,Brazil,https://www.psasquashtour.com/player/bruna-marchesi-petrillo/,1993-02-08,"Ribeirao Preto, Brazil",Oliver,163
Busayo Olatunji,https://cdn.filepicker.io/CduCwINITyaICvRAlr7G,Nigeria,https://www.psasquashtour.com/player/busayo-olatunji/,1999-06-12,"Lagos, Nigeria",,152
Camille Serme,https://cdn.filepicker.io/lHLpcESoWyrnAvwtR8Lg,France,https://www.psasquashtour.com/player/camille-serme/,1989-04-04,"Creteil, France",Tecnifibre,164
Caridad Buenaño,https://cdn.filepicker.io/Cgep76ERS16xbvldqwCQ,Ecuador,https://www.psasquashtour.com/player/caridad-buenaño/,2002-10-25,"Ambato, Ecuador",Tecnifibre,154
Caroline Fouts,https://cdn.filestackcontent.com/gxYNWfxpS3uIMbjrdLoW,United States,https://www.psasquashtour.com/player/caroline-fouts/,2005-12-08,"Rye, United States",Tecnifibre,170
Caroline Lyng,https://cdn.filepicker.io/CayYzVqSLC5UbFITYEpL,Denmark,https://www.psasquashtour.com/player/caroline-lyng/,1998-12-21,"Hillerod, Denmark",Head,174
Cassandra Ong,https://cdn.filepicker.io/H4PQvMGUR86IdcJNyG27,,https://www.psasquashtour.com/player/cassandra-ong/,2001-03-03,,,162
Catalina Pelaez,https://cdn.filestackcontent.com/DNzRHHapRz5JmcnQ7SAb,Colombia,https://www.psasquashtour.com/player/catalina-pelaez/,1991-09-04,"Bogota, Colombia",Black Knight,
Catarina Nunes,https://cdn.filepicker.io/gS79wZzS9GfU0XOBdgPC,Portugal,https://www.psasquashtour.com/player/catarina-nunes/,1998-05-16,"Porto, Portugal",Tecnifibre,173
Chanithma Sinaly,https://cdn.filepicker.io/XJEYNUhQTby244jaxSwm,,https://www.psasquashtour.com/player/chanithma-sinaly/,2005-08-02,"Colombo, Sri Lanka",,161
Ching Hei Fung,https://cdn.filepicker.io/bJIsDyV6QwKFtc4JHH6J,Hong Kong,https://www.psasquashtour.com/player/ching-hei-fung/,2003-03-12,"Hong Kong, Hong Kong",,173
Cindy Merlo,https://www.psasquashtour.com/wp-content/uploads/2024/08/29-1024x1024.png,Switzerland,https://www.psasquashtour.com/player/cindy-merlo/,1998-03-13,"Wald, Switzerland",Head,170
Colette Sultana,https://cdn.filepicker.io/IS4MAO4ZTr0srt9n7qMD,Malta,https://www.psasquashtour.com/player/colette-sultana/,1995-06-25,"Cambridge, England",,169
Coline Aumard,https://d3sitlfrz6piv5.cloudfront.net/eyJidWNrZXQiOiJwc2Etb21ha2lzb2Z0Iiwia2V5IjoiaW1hZ2VzL3BsYXllcnMvNzg5Ni5qcGciLCJlZGl0cyI6eyJyZXNpemUiOnsid2lkdGgiOjEwMDAsImhlaWdodCI6MTAwMCwiZml0IjoiY29udGFpbiJ9LCJzbWFydENyb3AiOnsicGFkZGluZyI6NTB9fX0=,France,https://www.psasquashtour.com/player/coline-aumard/,1989-06-13,Villeneuve St George,Eye,165
Cristina Gomez,https://www.psasquashtour.com/wp-content/uploads/2024/10/Picsart_24-10-07_12-19-45-309-717x1024.jpg,Spain,https://www.psasquashtour.com/player/cristina-gomez/,1998-07-06,"Murcia, Spain",Tecnifibre,160
Cristina Tartarone,https://cdn.filestackcontent.com/fy5adnqpTKyijKn5gPvw,Italy,https://www.psasquashtour.com/player/cristina-tartarone/,2001-04-04,"Cosenza, Italy",Unsquashable,173
Danielle Letourneau,https://cdn.filepicker.io/z2plxwUhSKWNbGPFv9Rz,Canada,https://www.psasquashtour.com/player/danielle-letourneau/,1993-05-03,"Calgary, Canada",Tecnifibre,172
Delia Arnold,https://upload.wikimedia.org/wikipedia/commons/thumb/a/a8/Delia_Arnold_%28cropped%29.jpg/250px-Delia_Arnold_%28cropped%29.jpg,Malaysia,https://www.psasquashtour.com/player/delia-arnold/,1986-01-26,Kuala Lumpur,Prince,163
Diana Garcia,https://cdn.filepicker.io/K2tRAbiST8G5lPBPHlwq,Mexico,https://www.psasquashtour.com/player/diana-garcia/,1992-12-21,"Mexico City, Mexico",Head,167
Dipika Pallikal Karthik,https://www.squashinfo.com/img/players/Pallikal_Apr18a.jpg,India,https://www.psasquashtour.com/player/dipika-pallikal-karthik/,1991-09-21,"Chennai, India",Tecnifibre,171
Donna Lobban,https://d3sitlfrz6piv5.cloudfront.net/eyJidWNrZXQiOiJwc2Etb21ha2lzb2Z0Iiwia2V5IjoiaW1hZ2VzL3BsYXllcnMvNzg3NC5qcGciLCJlZGl0cyI6eyJyZXNpemUiOnsid2lkdGgiOjEwMDAsImhlaWdodCI6MTAwMCwiZml0IjoiY29udGFpbiJ9LCJzbWFydENyb3AiOnsicGFkZGluZyI6NTB9fX0=,Australia,https://www.psasquashtour.com/player/donna-lobban/,1986-12-19,"Yamba, NSW",Harrow,176
Elise Romba,https://cdn.filestackcontent.com/BljDIObFSwaFFAmFMVf9,France,https://www.psasquashtour.com/player/elise-romba/,1997-07-11,"Lyon, France",Dunlop,158
Ella Lash,https://cdn.filepicker.io/CYG8jE60QU2ojo3uTyiJ,New Zealand,https://www.psasquashtour.com/player/ella-lash/,2005-09-29,"Wellington, New Zealand",Head,164
Ellie Jones,https://cdn.filepicker.io/7Jeind14SUeYZtc6ziiR,Scotland,https://www.psasquashtour.com/player/ellie-jones/,1998-07-03,"Cheltenham, England",Ashaway,164
Emilia Soini,https://www.psasquashtour.com/wp-content/uploads/2024/03/Emili-Soini-copy-1024x1024.png,Finland,https://www.psasquashtour.com/player/emilia-soini/,1995-10-16,"Espoo, Finland",Dunlop,166
Emily Whitlock,https://www.psasquashtour.com/wp-content/uploads/2023/11/fgLAp2Dw-1024x1024.png,Wales,https://www.psasquashtour.com/player/emily-whitlock/,1994-02-15,"Macclesfield, England",Ashaway,161
Enora Villard,https://www.psasquashtour.com/wp-content/uploads/2024/08/31-1024x1024.png,France,https://www.psasquashtour.com/player/enora-villard/,1993-10-27,"Aix-en-Provence, France",Tecnifibre,169
Erin Classen,https://cdn.filestackcontent.com/KFmSG3bqRCuxt2bNW0Kk,Australia,https://www.psasquashtour.com/player/erin-classen/,2004-08-18,"Cape Town, South Africa",Tecnifibre,165
Erisa Sano Herring,https://cdn.filepicker.io/UrgMgAEoQcmMFvhfvzdT,Japan,https://www.psasquashtour.com/player/erisa-sano-herring/,2000-09-04,"Montreal, Canada",Head,166
Farida Mohamed,https://www.psasquashtour.com/wp-content/uploads/2023/11/w_Lt87Sb-1024x1024.png,Egypt,https://www.psasquashtour.com/player/farida-mohamed/,2002-01-15,"Alexandria, Egypt",Tecnifibre,174
Farida Walid,https://cdn.filepicker.io/H64B6MwTSmujXVYEio19,,https://www.psasquashtour.com/player/farida-walid/,2008-06-18,,,163
Fayrouz Aboelkheir,https://www.psasquashtour.com/wp-content/uploads/2024/08/43-1024x1024.png,Egypt,https://www.psasquashtour.com/player/fayrouz-aboelkheir/,2006-03-04,"Alexandria, Egypt",Tecnifibre,166
Fiorella Gatti,https://www.squashinfo.com/img/players/FiorellaGatti_May24a.jpg,Paraguay,https://www.psasquashtour.com/player/fiorella-gatti/,,"Asuncion, Paraguay",Dunlop,170
Franka Vidovic,https://d3sitlfrz6piv5.cloudfront.net/eyJidWNrZXQiOiJwc2Etb21ha2lzb2Z0Iiwia2V5IjoiaW1hZ2VzL3BsYXllcnMvMTQ1MTguanBnIiwiZWRpdHMiOnsicmVzaXplIjp7IndpZHRoIjoxMDAwLCJoZWlnaHQiOjEwMDAsImZpdCI6ImNvbnRhaW4ifSwic21hcnRDcm9wIjp7InBhZGRpbmciOjUwfX19,Croatia,https://www.psasquashtour.com/player/franka-vidovic/,2004-06-02,"Zagreb, Croatia",,178
Georgia Adderley,https://www.psasquashtour.com/wp-content/uploads/2024/08/39-1024x1024.png,Scotland,https://www.psasquashtour.com/player/georgia-adderley/,2001-01-08,"Edinburgh, Scotland",Titan,167
Georgina Kennedy,https://www.psasquashtour.com/wp-content/uploads/2024/02/georgina-kennedy-copy-1024x1024.png,England,https://www.psasquashtour.com/player/georgina-kennedy/,1997-04-03,"London, England",Head,166
Georgina Kennedy,https://www.psasquashtour.com/wp-content/uploads/2024/02/georgina-kennedy-copy-1024x1024.png,England,https://www.psasquashtour.com/player/georgina-kennedy/,1997-04-03,"London, England",Head,166
Giselle Delgado,https://cdn.filepicker.io/Lwt2xEHDRtarUo5TyW4q,Chile,https://www.psasquashtour.com/player/giselle-delgado/,1988-03-17,"Antofagasta, Chile",Head,160
Goh Zhi Xuan,,,https://www.psasquashtour.com/player/goh-zhi-xuan/,,,,
Grace Gear,https://www.psasquashtour.com/wp-content/uploads/2024/08/37-1-1024x1024.png,England,https://www.psasquashtour.com/player/grace-gear/,1998-07-02,"Welwyn Garden City, England",Ashaway,170
Habiba Hani,https://cdn.filestackcontent.com/LQTpDIg8RWNB1znCfBbI,Egypt,https://www.psasquashtour.com/player/habiba-hani/,2005-04-29,"Alexandria, Egypt",Head,163
Hana Ismail,https://cdn.filepicker.io/5mEbQH7qROSxxPCvIk8D,Egypt,https://www.psasquashtour.com/player/hana-ismail/,2004-12-02,"Dubai, United Arab Emirates",Dunlop,170
Hana Moataz,https://www.psasquashtour.com/wp-content/uploads/2024/08/42-1024x1024.png,Egypt,https://www.psasquashtour.com/player/hana-moataz/,2000-03-21,"Cairo, Egypt",Tecnifibre,175
Hana Ramadan,https://www.psasquashtour.com/wp-content/uploads/2023/11/Eq3tWaCA-1024x1024.png,Egypt,https://www.psasquashtour.com/player/hana-ramadan/,1997-09-30,"Alexandria, Egypt",Tecnifibre,162
Hania El Hammamy,https://www.psasquashtour.com/wp-content/uploads/2024/02/hania-elhammamy-copy-1024x1024.png,Egypt,https://www.psasquashtour.com/player/hania-el-hammamy/,2000-09-01,"Cairo, Egypt",Head,170
Hannah Craig,https://cdn.filestackcontent.com/fDrfKPG4S06J7A3uqZPe,Ireland,https://www.psasquashtour.com/player/hannah-craig/,1999-01-23,"Lisburn, Ireland",Harrow,163
Haya Ali,https://cdn.filestackcontent.com/pod8TWbPSuO9ys9RA8y7,Egypt,https://www.psasquashtour.com/player/haya-ali/,2004-04-26,"Cairo, Egypt",Harrow,172
Hayley Ward,https://cdn.filestackcontent.com/FWoKH9xnTVqfzTbK6kXM,South Africa,https://www.psasquashtour.com/player/hayley-ward/,1997-08-28,"Port Elizabeth, South Africa",Harrow,169
Helen Tang,https://cdn.filepicker.io/j2u7ifKS6i9yEw1gfJXg,,https://www.psasquashtour.com/player/helen-tang/,2008-12-03,,,155
Hollie Naughton ,https://www.psasquashtour.com/wp-content/uploads/2023/11/V7BETGvA-1024x1024.png,Canada,https://www.psasquashtour.com/player/hollie-naughton-/,1994-10-21,"Barnsley, England",Wilson,165
Iman Shaheen,https://cdn.filestackcontent.com/yjErpqxgSeyVOdhMcErn,Canada,https://www.psasquashtour.com/player/iman-shaheen/,2005-03-18,"Ottawa, Canada",Dunlop,167
Isaac Blessing,https://cdn.filepicker.io/3A3tvtt8TiSaswDGq1sy,Nigeria,https://www.psasquashtour.com/player/isaac-blessing/,1998-02-05,"Ilorin, Nigeria",Tecnifibre,150
Isabel McCullough,https://cdn.filestackcontent.com/nFUspBaySTmbUBkjFWpQQ,England,https://www.psasquashtour.com/player/isabel-mccullough/,2004-09-28,"London, England",Head,162
Jacqueline Peychär,https://cdn.filestackcontent.com/HiAmXbLSpem9lGRDbevg,Austria,https://www.psasquashtour.com/player/jacqueline-peychär/,1995-09-09,"Innsbruck, Austria",Head,171
Jana Swaify,https://cdn.filestackcontent.com/qKm7mL6kSEKD8z9eHTeO,Egypt,https://www.psasquashtour.com/player/jana-swaify/,2007-08-14,"Alexandria, Egypt",Tecnifibre,170
Jasmine Hutton,https://www.psasquashtour.com/wp-content/uploads/2023/11/zccCy6Lw-1024x1024.png,England,https://www.psasquashtour.com/player/jasmine-hutton/,1999-04-05,"Brighton, England",Titan,162
Jemyca Aribado,https://cdn.filestackcontent.com/gqFDaPbQ6m6vkCu2eEe3,Philippines,https://www.psasquashtour.com/player/jemyca-aribado/,1993-09-21,"Taguig City, Philippines",Tecnifibre,159
Jessica van der Walt,https://www.psasquashtour.com/wp-content/uploads/2024/08/27-1024x1024.png,Austra,https://www.psasquashtour.com/player/jessica-van-der-walt/,1995-06-23,"Wauchope, Australia",Inform Squash,175
Joelle King,https://www.psasquashtour.com/wp-content/uploads/2023/12/joelle-king-1080-1024x1024.png,New Zealand,https://www.psasquashtour.com/player/joelle-king/,1988-09-30,"Cambridge, New Zealand",Head,176
Joey Chan,https://www.squashinfo.com/img/players/JoeyChan_Jul17a.jpg,Hong Kong,https://www.psasquashtour.com/player/joey-chan/,1988-05-20,Hong Kong,Prince,160
Joshna Chinappa,https://www.psasquashtour.com/wp-content/uploads/2024/11/Player-Images-2024-1-1024x1024.png,India,https://www.psasquashtour.com/player/joshna-chinappa/,1986-09-15,"Chennai, India",Tecnifibre,173
Juliette Permentier,https://cdn.filepicker.io/AC2b04fGRBGCGouPLSXQ,Netherlands,https://www.psasquashtour.com/player/juliette-permentier/,1999-05-30,"Delft, Netherlands",Tecnifibre,166
Ka Yi Lee,https://cdn.filestackcontent.com/gJcB7IVXSOSHAFz0faeg,Hong Kong,https://www.psasquashtour.com/player/ka-yi-lee/,1993-11-25,"Hong Kong, Hong Kong",Dunlop,160
Kaitlyn Watts,https://cdn.filestackcontent.com/crBp2JkARLW8fZEky4v3,New Zealand,https://www.psasquashtour.com/player/kaitlyn-watts/,2001-03-01,"Palmerston North, New Zealand",Karakal,169
Kara Lincou,https://cdn.filepicker.io/zw4Pu8pWQZOzO8z15bxL,France,https://www.psasquashtour.com/player/kara-lincou/,2003-08-10,"Saint-Pierre, France",Tecnifibre,158
Karina Tyma,https://cdn.filepicker.io/23jGngSi6pk6LX0hS9aQ,Poland,https://www.psasquashtour.com/player/karina-tyma/,2000-05-05,"Gorzow Wielkopolski, Poland",Tecnifibre,161
Karolína Šrámková,,,https://www.psasquashtour.com/player/karolína-šrámková/,,,,
Katerina Tycova,https://cdn.filepicker.io/iYpFXp6kSOGMsidjf7pj,Germany,https://www.psasquashtour.com/player/katerina-tycova/,1999-05-16,"Harlaching, Germany",Victor,171
Katie Malliff,https://www.psasquashtour.com/wp-content/uploads/2023/11/katie-maliff-copy-1024x1024.png,England,https://www.psasquashtour.com/player/katie-malliff/,2003-04-19,"Wendover, England",Dunlop,167
Kenzy Ayman,https://cdn.filepicker.io/quAWA6fHR7GQKgxcwVjB,Egypt,https://www.psasquashtour.com/player/kenzy-ayman/,2004-03-18,"Cairo, Egypt",Tecnifibre,160
Kiera Marshall,https://cdn.filestackcontent.com/lERsBrYTQPiQm0XrzDkh,England,https://www.psasquashtour.com/player/kiera-marshall/,2001-07-24,"Birmingham, England",Dunlop,164
Kincso Szász,https://cdn.filestackcontent.com/seVbjwQjRNWIlAe8j56n,Romania,https://www.psasquashtour.com/player/kincso-szász/,1999-11-07,"Odorheiu Secuiesc, Romania",Harrow,172
Laila Sedky,https://cdn.filestackcontent.com/JSMYR3TwSRGeo3uQINmZ,United States,https://www.psasquashtour.com/player/laila-sedky/,2000-02-02,,,172
Laura Massaro,https://www.psasquashtour.com/wp-content/uploads/2023/11/laura-massaro-copy-1024x1024.png,England,https://www.psasquashtour.com/player/laura-massaro/,1983-11-02,"Great Yarmouth, England",Head,173
Laura Silva,https://cdn.filepicker.io/vZfn0h5sQJqjyhw9goAg,Brazil,https://www.psasquashtour.com/player/laura-silva/,2007-12-06,"Campinas, Brazil",,170
Laura Tovar,https://www.squashinfo.com/img/players/LauraTovar_May23a.jpg,Colombia,https://www.psasquashtour.com/player/laura-tovar/,1996-11-10,"Bogota, Colombia",Tecnifibre,170
Lauren Baltayan,https://cdn.filestackcontent.com/5TMlKUwEQGq2kY3CS2yT,France,https://www.psasquashtour.com/player/lauren-baltayan/,2007-05-05,"Cairo, Egypt",Tecnifibre,152
Lea Barbeau,https://cdn.filepicker.io/qUjOz8VPTjm5z4jfXM5E,France,https://www.psasquashtour.com/player/lea-barbeau/,2000-10-20,"La roche sur yon, France",Tecnifibre,172
Lilou Brevard-Belliot,https://cdn.filestackcontent.com/aZGp54CkQL4sMFxt5Hth,France,https://www.psasquashtour.com/player/lilou-brevard-belliot/,2006-03-27,"La Rochelle, France",Dunlop,162
Lisa Aitken,https://cdn.filepicker.io/UoCkUrQfefqdie7kl53w,Scotland,https://www.psasquashtour.com/player/lisa-aitken/,1990-02-16,"Montrose, Scotland",Dunlop,165
Lojayn Gohary,https://cdn.filestackcontent.com/KoSHU92RBSk6RqwEJW4g,Egypt,https://www.psasquashtour.com/player/lojayn-gohary/,2005-06-08,"Cairo, Egypt",Oliver,168
Lowri Roberts,https://cdn.filepicker.io/RUAnLjoqSGaSayBAf5PR,Wales,https://www.psasquashtour.com/player/lowri-roberts/,1997-10-18,"Bodelwyddan, Wales",Head,165
Lucia Bautista,https://cdn.filestackcontent.com/lhQC3aNYRZSygMkWg2l1,Colombia,https://www.psasquashtour.com/player/lucia-bautista/,2002-12-06,"Bucaramanga, Colombia",Tecnifibre,168
Lucie Stefanoni,https://cdn.filepicker.io/MKMEH9NRR6HnD9p1NX82,United States,https://www.psasquashtour.com/player/lucie-stefanoni/,2004-07-18,"Stamford, United States",Tecnifibre,
Lucy Turmel,https://www.psasquashtour.com/wp-content/uploads/2023/11/FxznzlbQ-1024x1024.png,England,https://www.psasquashtour.com/player/lucy-turmel/,1999-09-24,"Ipswich, England",305 Squash,166
Luiza Carbonieri,https://cdn.filepicker.io/LsugYMrjSiSxSI53BU0d,Brazil,https://www.psasquashtour.com/player/luiza-carbonieri/,1997-09-01,"Sao Bernardo do Campo, Brazil",Wave,160
Madeleine Hylland,https://cdn.filestackcontent.com/gSvy34CkTqiQkleo9jWf,Norway,https://www.psasquashtour.com/player/madeleine-hylland/,2001-06-07,"Baerum, Norway",Head,175
Madison Ho,https://cdn.filepicker.io/ToYyRC9ATwm6QyFr8YUF,United States,https://www.psasquashtour.com/player/madison-ho/,2006-07-17,"Palo Alto, United States",Tecnifibre,168
Madison Lyon,https://cdn.filestackcontent.com/IPt0o5XTSmyNDAzPtM5e,Australia,https://www.psasquashtour.com/player/madison-lyon/,2005-06-08,"Redcliffe, Australia",Karakal,164
Malak Fathy,https://cdn.filepicker.io/cJgjoxtXSISrq0whIyoQ,Egypt,https://www.psasquashtour.com/player/malak-fathy/,2005-04-03,"Cairo, Egypt",,173
Malak Khafagy,https://www.psasquashtour.com/wp-content/uploads/2024/08/41-1024x1024.png,Egypt,https://www.psasquashtour.com/player/malak-khafagy/,2004-07-25,"Alexandria, Egypt",Tecnifibre,178
Malak Samir,https://cdn.filepicker.io/pEx6E8bQ7E3eZbSX7awM,Egypt,https://www.psasquashtour.com/player/malak-samir/,2008-02-14,"Alexandria, Egypt",Tecnifibre,170
Malak Taha,https://cdn.filepicker.io/rx2cl16wQuuMJesrz9pT,Egypt,https://www.psasquashtour.com/player/malak-taha/,2005-03-28,"Cairo, Egypt",,161
Margot Prow,https://cdn.filestackcontent.com/Z8CyZYFQnGTCc2ymuka7,Barbados,https://www.psasquashtour.com/player/margot-prow/,2002-02-03,"Bridgetown, Barbados",Dunlop,169
Mariam Eissa,https://www.squashinfo.com/img/players/MariamEissa_Nov24a.jpg,England,https://www.psasquashtour.com/player/mariam-eissa/,,,Dunlop,168
Mariam Metwally,https://www.psasquashtour.com/wp-content/uploads/2024/03/Mariam-Metwally-copy-1024x1024.png,Egypt,https://www.psasquashtour.com/player/mariam-metwally/,1996-11-11,"Alexandria, Egypt",Harrow,170
Marie Stephan,https://www.psasquashtour.com/wp-content/uploads/2024/08/36-1024x1024.png,France,https://www.psasquashtour.com/player/marie-stephan/,1996-03-14,"Cayenne, French Guiana",Tecnifibre,174
Marina Stefanoni,https://cdn.filestackcontent.com/1AP8P9Y1RCiSwBZZy0rF,United States,https://www.psasquashtour.com/player/marina-stefanoni/,2002-11-30,"Stamford, United States",Head,164
Marta Dominguez,https://cdn.filestackcontent.com/uvevEfI5QEi33fQ1rKcS,,https://www.psasquashtour.com/player/marta-dominguez/,2001-08-02,"Vigo, Spain",Tecnifibre,173
Maya Weishar,https://cdn.filepicker.io/2ZOTsi6DTmBQsHHehghg,Germany,https://www.psasquashtour.com/player/maya-weishar/,2006-09-13,"Schorndorf, Germany",Oliver,170
Melissa Alves,https://www.psasquashtour.com/wp-content/uploads/2023/11/7zlnqrOQ-1024x1024.png,France,https://www.psasquashtour.com/player/melissa-alves/,1993-12-29,"Kourou, French Guiana",Perfly,168
Menna Hamed,https://cdn.filestackcontent.com/QercaWxXTOOfkRgGVNAl,Egypt,https://www.psasquashtour.com/player/menna-hamed/,1998-01-30,"Cairo, Egypt",Tecnifibre,167
Menna Walid,https://www.psasquashtour.com/wp-content/uploads/2024/08/22-1-1024x1024.png,Egypt,https://www.psasquashtour.com/player/menna-walid/,2004-02-24,"Alexandria, Egypt",Head,160
Michaela Čepová,https://cdn.filestackcontent.com/slYi1RHBSoCqA49zl1bh,Czech Republic,https://www.psasquashtour.com/player/michaela-čepová/,2000-10-28,,Tecnifibre,165
Millie Tomlinson,https://cdn.filestackcontent.com/3r7opxbGTei9Cs70Khvk,England,https://www.psasquashtour.com/player/millie-tomlinson/,1992-04-27,"Derby, England",Dunlop,172
Mingyeong Heo,https://cdn.filepicker.io/BXDHD28PTpuLJt1vRzlt,South Korea,https://www.psasquashtour.com/player/mingyeong-heo/,1996-06-19,"Gyeonggi-Do, South Korea",,164
Nada Abbas,https://www.psasquashtour.com/wp-content/uploads/2023/11/wrFd022Q-1024x1024.png,Egypt,https://www.psasquashtour.com/player/nada-abbas/,2000-05-28,"Cairo, Egypt",Prince,156
Nadia Pfister,https://www.psasquashtour.com/wp-content/uploads/2024/08/20-1-1024x1024.png,Switzerland,https://www.psasquashtour.com/player/nadia-pfister/,1995-09-18,"Basel, Switzerland",Dunlop,179
Nadien Elhammamy,https://cdn.filepicker.io/YRsvgsCxRN6UUlwPhNE5,Egypt,https://www.psasquashtour.com/player/nadien-elhammamy/,2007-07-10,"Cairo, Egypt",,172
Nadine Shahin,https://www.psasquashtour.com/wp-content/uploads/2023/11/psCSpoLg-1024x1024.png,Egypt,https://www.psasquashtour.com/player/nadine-shahin/,1997-06-14,"Cairo, Egypt",Harrow,163
Nardine Garas,https://www.psasquashtour.com/wp-content/uploads/2024/08/28-1024x1024.png,Egypt,https://www.psasquashtour.com/player/nardine-garas/,2003-12-19,"Cairo, Egypt",Tecnifibre,172
Nele Gilis,https://www.psasquashtour.com/wp-content/uploads/2024/01/nele-gilis-copy-1024x1024.png,Belgium,https://www.psasquashtour.com/player/nele-gilis/,1996-02-20,"Geel, Belgium",Stellar,168
Nga Ching Cheng,https://cdn.filestackcontent.com/2kO3WrQxR2WypgWGn4jf,Hong Kong,https://www.psasquashtour.com/player/nga-ching-cheng/,2000-01-24,"Hong Kong, Hong Kong",,160
Nicol David,https://www.psasquashtour.com/wp-content/uploads/2023/11/nicol-david-copy-1024x1024.png,Malaysia,https://www.psasquashtour.com/player/nicol-david/,1983-08-26,"Penang, Malaysia",Wilson,162
Nicole Bunyan,https://www.psasquashtour.com/wp-content/uploads/2024/08/32-1024x1024.png,Canada,https://www.psasquashtour.com/player/nicole-bunyan/,1993-11-22,"Victoria, Canada",Harrow,175
Niki Shemirani,https://cdn.filepicker.io/BpipSYWxSrmE8rvHpTDL,Canada,https://www.psasquashtour.com/player/niki-shemirani/,2003-06-20,"Tehran, Iran",Dunlop,168
Nirupama Dubey,https://cdn.filestackcontent.com/mB5Mp8oFRQulfKBXK44f,India,https://www.psasquashtour.com/player/nirupama-dubey/,2005-11-25,"Baroda, India",,165
Noa Romero,https://cdn.filepicker.io/ev4T2tTPKC6yJVLKO0QI,Spain,https://www.psasquashtour.com/player/noa-romero/,2004-01-04,"Barcelona, Spain",,163
Nour Aboulmakarim,https://www.psasquashtour.com/wp-content/uploads/2024/08/40-1024x1024.png,Egypt,https://www.psasquashtour.com/player/nour-aboulmakarim/,2003-02-18,"Cairo, Egypt",Tecnifibre,165
Nour El Sherbini,https://www.psasquashtour.com/wp-content/uploads/2024/02/nour-el-sherbini-copy-1024x1024.png,Egypt,https://www.psasquashtour.com/player/nour-el-sherbini/,1995-11-01,"Alexandria, Egypt",Tecnifibre,175
Nour El Tayeb,https://www.psasquashtour.com/wp-content/uploads/2024/02/nour-el-tayeb-copy-1024x1024.png,Egypt,https://www.psasquashtour.com/player/nour-el-tayeb/,1993-03-08,"Cairo, Egypt",Dunlop,164
Nour Heikal,https://cdn.filestackcontent.com/X2uS4g1NSbupbBzQPyKz,Egypt,https://www.psasquashtour.com/player/nour-heikal/,2003-09-29,"Alexandria, Egypt",Tecnifibre,169
Nour Khafagy,https://cdn.filepicker.io/IFGQ5d3SWGByvli0ljZS,Egypt,https://www.psasquashtour.com/player/nour-khafagy/,2006-06-26,"Alexandria, Egypt",,166
Nour Megahed,https://cdn.filepicker.io/1dwKaP8MQTKvIM4ScE9B,Egypt,https://www.psasquashtour.com/player/nour-megahed/,2005-07-24,"Tanta, Egypt",Tecnifibre,165
Nour Ramy,https://cdn.filepicker.io/Nvf8WDLSZKqCR4ifcTRF,Egypt,https://www.psasquashtour.com/player/nour-ramy/,2002-11-12,"Cairo, Egypt",Tecnifibre,172
Nouran Gohar ,https://www.psasquashtour.com/wp-content/uploads/2024/02/nouran-gohar-copy-1-1024x1024.png,Egypt,https://www.psasquashtour.com/player/nouran-gohar-/,1997-09-30,"Cairo, Egypt",Tecnifibre,167
Olivia Besant,https://cdn.filepicker.io/IfjBSONSu2bjbc27QAaz,England,https://www.psasquashtour.com/player/olivia-besant/,2004-07-28,"Winchester, England",Oliver,175
Olivia Clyne,https://www.psasquashtour.com/wp-content/uploads/2023/11/BQG9UAeQ-1024x1024.png,United States,https://www.psasquashtour.com/player/olivia-clyne/,1993-01-23,"New York City, United States",,152
Olivia Weaver,https://www.psasquashtour.com/wp-content/uploads/2023/11/7PQqHEFg-1024x1024.png,United States,https://www.psasquashtour.com/player/olivia-weaver/,1995-09-15,"Philadelphia, United States",Head,171
Omneya Abdel Kawy,https://encrypted-tbn3.gstatic.com/images?q=tbn:ANd9GcQVSB9dq71JFh539o2QCPdewArlKqiHgXd9fgK7H5Rd8v5srYJoUWkDv2B7kYFWqnkhMAGIR80NSDHAQIAduPQ0zQ,Egypt,https://www.psasquashtour.com/player/omneya-abdel-kawy/,1985-08-15,"Giza, Egypt",Harrow,166
Ona Blasco,https://cdn.filepicker.io/tdfoiLcvRo6ddZBFidpx,Spain,https://www.psasquashtour.com/player/ona-blasco/,,"Lloret de Mar, Spain",Tecnifibre,167
Pascale Louka,https://cdn.filepicker.io/wY2eOZlQLmhEim5leIBt,Australia,https://www.psasquashtour.com/player/pascale-louka/,2001-08-09,"Alexandria, Egypt",Dunlop,167
Polly Clark,https://cdn.filepicker.io/sdF6KoZdSRyAbB5GydgS,England,https://www.psasquashtour.com/player/polly-clark/,2001-04-06,"Pontefract, England",Head,155
Rachael Grinham,https://cdn.filepicker.io/7NuJONNDQyCANRpDsFks,Australia,https://www.psasquashtour.com/player/rachael-grinham/,1977-01-22,"Toowoomba, Australia",,157
Rachel Arnold,https://www.psasquashtour.com/wp-content/uploads/2023/11/rachel-arnold-copy-1024x1024.png,Malaysia,https://www.psasquashtour.com/player/rachel-arnold/,1996-04-16,"Kuala Lumpur, Malaysia",Head,166
Rafaela Albuja,https://cdn.filestackcontent.com/asstoG1QaTdsmLFVsF7g,Ecuador,https://www.psasquashtour.com/player/rafaela-albuja/,2000-06-09,,Dunlop,161
Rana Ismail,https://cdn.filestackcontent.com/KY5CAQWWQ3OrEK0rvTII,United Arab Emirates,https://www.psasquashtour.com/player/rana-ismail/,2002-07-20,"Dubai, United Arab Emirates",Dunlop,176
Raneem El Welily,https://www.squashinfo.com/img/players/RaneemElWelily_Oct18a.jpg,Egypt,https://www.psasquashtour.com/player/raneem-el-welily/,1989-01-01,"Alexandria, Egypt",Harrow,161
Remashree Muniandy,https://cdn.filepicker.io/xG6AUFwtToWbdpOSvxy8,Malaysia,https://www.psasquashtour.com/player/remashree-muniandy/,2002-01-20,"Seremban, Malaysia",Karakal,166
Renske Huntelaar,https://encrypted-tbn0.gstatic.com/images?q=tbn:ANd9GcQo9IwoigqvJaSc4BKTzVVD6z8tUbL04Lo3WQ&s,Netherlands,https://www.psasquashtour.com/player/renske-huntelaar/,,,Dunlop,170
Risa Sugimoto,https://cdn.filepicker.io/mzXrvuQURXSGiLO7FOtQ,Japan,https://www.psasquashtour.com/player/risa-sugimoto/,1994-08-01,"Shiga, Japan",Prince,161
Riya Navani,https://cdn.filestackcontent.com/4X9xhgmQE3RqweHjHuPQ,United States,https://www.psasquashtour.com/player/riya-navani/,2006-03-08,"Milpitas, United States",Harrow,164
Robyn McAlpine,https://cdn.filestackcontent.com/5v3UR9VGThCep1XfSX21,Scotland,https://www.psasquashtour.com/player/robyn-mcalpine/,2006-09-01,"Glasgow, Scotland",Tecnifibre,168
Rofiat Abdulazeez,https://www.squashinfo.com/img/players/RofiatAbdulazeez_Oct24a.jpg,Nigeria,https://www.psasquashtour.com/player/rofiat-abdulazeez/,,"Ilorin, Nigeria",Tecnifibre,157
Rowan Elaraby,https://www.psasquashtour.com/wp-content/uploads/2024/03/rowan-elaraby-copy-1024x1024.png,Egypt,https://www.psasquashtour.com/player/rowan-elaraby/,2000-07-29,"Alexandria, Egypt",Dunlop,164
Ruqayya Salem,https://cdn.filepicker.io/IYdQp6B3Qm6dZcvCtppC,Egypt,https://www.psasquashtour.com/player/ruqayya-salem/,2008-06-12,"Cairo, Egypt",Harrow,166
Sabrina Sobhy,https://www.psasquashtour.com/wp-content/uploads/2023/12/sabrina-sobhy-copy-1024x1024.png,United States,https://www.psasquashtour.com/player/sabrina-sobhy/,1996-12-30,"New York, United States",Dunlop,165
Salma El Alfy,https://cdn.filestackcontent.com/eMqd2BLSAcLdBpjg4AhM,Egypt,https://www.psasquashtour.com/player/salma-el-alfy/,2004-06-20,"Giza, Egypt",Tecnifibre,174
Salma Eltayeb,https://www.psasquashtour.com/wp-content/uploads/2024/08/38-1-1024x1024.png,Egypt,https://www.psasquashtour.com/player/salma-eltayeb/,2004-03-24,"Cairo, Egypt",Tecnifibre,163
Salma Hany,https://www.psasquashtour.com/wp-content/uploads/2024/02/salma-hany-copy-1024x1024.png,Egypt,https://www.psasquashtour.com/player/salma-hany/,1996-08-05,"Alexandria, Egypt",Harrow,162
Sana Ibrahim,https://www.psasquashtour.com/wp-content/uploads/2023/12/sana-ibrahim-copy-1024x1024.png,Egypt,https://www.psasquashtour.com/player/sana-ibrahim/,2003-01-15,"Cairo, Egypt",Harrow,171
Sarah Cardwell,https://www.psasquashtour.com/wp-content/uploads/2024/08/19-1-1024x1024.png,Australia,https://www.psasquashtour.com/player/sarah-cardwell/,1991-10-10,"Melbourne, Australia",Karakal,157
Sarah-Jane Perry,https://www.psasquashtour.com/wp-content/uploads/2023/12/sarah-jane-perry-copy-1024x1024.png,England,https://www.psasquashtour.com/player/sarah-jane-perry/,1990-05-15,"Birmingham, England",Dunlop,183
Sarahi Lopez,https://bantamsports.com/images/2020/6/22/sarahi_lopez_wsquash_2019_20.jpg,Mexico,https://www.psasquashtour.com/player/sarahi-lopez/,,"Guadalajara, Mexico",,163
Saran Nghiem,https://www.psasquashtour.com/wp-content/uploads/2024/08/26-1024x1024.png,England,https://www.psasquashtour.com/player/saran-nghiem/,2003-12-25,"Manchester, England",Dunlop,173
Saskia Beinhard,https://www.psasquashtour.com/wp-content/uploads/2024/08/25-1024x1024.png,Germany,https://www.psasquashtour.com/player/saskia-beinhard/,1999-03-02,"Munich, Germany",Dunlop,172
Satomi Watanabe,https://www.psasquashtour.com/wp-content/uploads/2024/03/satomi-watanabi-copy-300x300-1.png,Japan,https://www.psasquashtour.com/player/satomi-watanabe/,1999-01-15,"Yokohama, Japan",Tecnifibre,170
Sehveetrraa Kumar,https://cdn.filestackcontent.com/vqy3s0QTHOSg10w8mjEW,Malaysia,https://www.psasquashtour.com/player/sehveetrraa-kumar/,2005-06-03,"Alor Setar Kedah, Malaysia",Dunlop,167
Shameena Riaz,https://cdn.filepicker.io/Cwbkq7dnQxWNphjXlWIW,India,https://www.psasquashtour.com/player/shameena-riaz/,2005-08-11,"Chennai, India",,153
Sin Yuk Chan,https://www.psasquashtour.com/wp-content/uploads/2024/08/33-1024x1024.png,Hong Kong,https://www.psasquashtour.com/player/sin-yuk-chan/,2002-07-04,"Hong Kong, Hong Kong",Tecnifibre,162
Sivasangari Subramaniam,https://www.psasquashtour.com/wp-content/uploads/2024/03/Sivasangari-Subramaniam-copy-1024x1024.png,Malaysia,https://www.psasquashtour.com/player/sivasangari-subramaniam/,1999-01-24,"Sungai Petani, Kedah, Malaysia",Dunlop,160
Sofia Aveiro Pita,https://cdn.filepicker.io/nPcTVfzHQoWO7WhGLeAI,Portugal,https://www.psasquashtour.com/player/sofia-aveiro-pita/,2002-01-12,"Funchal, Portugal",Tecnifibre,160
Sofía Mateos,https://cdn.filestackcontent.com/cIl2JfzPQZ2THOqNtwiT,Spain,https://www.psasquashtour.com/player/sofía-mateos/,2001-06-28,"Barcelona, Spain",Tecnifibre,167
Sophie Fadaely,https://cdn.filepicker.io/htRoEpCSVKwcVnr7C8qS,Australia,https://www.psasquashtour.com/player/sophie-fadaely/,2004-01-02,"Perth, Australia",Dunlop,168
Tabita Gaitan,https://live.staticflickr.com/65535/53566087896_b1250c019c.jpg,Guatamala,https://www.psasquashtour.com/player/tabita-gaitan/,,"Guatemala City, Guatemala",,163
Tamara Holzbauerová,https://cdn.filestackcontent.com/cKFbH0fVQbGkWHzIk09h,Czech Republic,https://www.psasquashtour.com/player/tamara-holzbauerová/,2003-10-10,"Praha, Czech Republic",,170
Tanvi Khanna,https://cdn.filepicker.io/ZdVEEzjWRV2HN1hB2BSZ,India,https://www.psasquashtour.com/player/tanvi-khanna/,1996-07-23,"New Delhi, India",,167
Teagan Russell,https://cdn.filepicker.io/95k32VdTTsm7AIbQrGfU,South Africa,https://www.psasquashtour.com/player/teagan-russell/,2000-12-06,"Queenstown, South Africa",Tecnifibre,169
Tesni Murphy,https://www.psasquashtour.com/wp-content/uploads/2023/11/GxVrkAWg-1024x1024.png,Wales,https://www.psasquashtour.com/player/tesni-murphy/,1992-10-15,"Cardiff, Wales",Karakal,160
Tessa ter Sluis,https://cdn.filestackcontent.com/fugfIaQZGRUC8FpEZIXg,Netherlands,https://www.psasquashtour.com/player/tessa-ter-sluis/,1995-01-16,"Sint Willebrord, Netherlands",,172
Tinne Gilis,https://www.psasquashtour.com/wp-content/uploads/2023/11/D56qHiE--1024x1024.png,Belgium,https://www.psasquashtour.com/player/tinne-gilis/,1997-10-29,"Mol, Belgium",Dunlop,169
Toby Tse,https://cdn.filestackcontent.com/HVKYgZ4CR8KtAqtUiHDu,Hong Kong,https://www.psasquashtour.com/player/toby-tse/,2004-10-18,"Hong Kong, Hong Kong",,173
Tomato Ho,https://www.psasquashtour.com/wp-content/uploads/2023/11/OkwLE78g-1024x1024.png,Hong Kong,https://www.psasquashtour.com/player/tomato-ho/,1995-10-26,"Hong Kong, Hong Kong",,165
Torrie Malik,https://www.psasquashtour.com/wp-content/uploads/2024/08/30-1024x1024.png,England,https://www.psasquashtour.com/player/torrie-malik/,2004-04-03,"Redhill, England",Mantis,177
Tsz-Wing Tong,https://www.psasquashtour.com/wp-content/uploads/2024/08/34-1024x1024.png,Hong Kong,https://www.psasquashtour.com/player/tsz-wing-tong/,1992-07-26,"Hong Kong, Hong Kong",Head,165
Urwashi Joshi,https://cdn.filestackcontent.com/6QlAxVOMRRyPad3JpS0Y,India,https://www.psasquashtour.com/player/urwashi-joshi/,1995-08-19,"Mumbai, India",Head,154
Victoria Lust,https://www.squashinfo.com/img/players/VictoriaLust_Feb19a.jpg,England,https://www.psasquashtour.com/player/victoria-lust/,1989-05-02,"Luton, England",Tecnifibre ,167
Wai Yhann Au Yeong,https://cdn.filestackcontent.com/mhThlDP7RkK8EPfgV4fK,Singapore,https://www.psasquashtour.com/player/wai-yhann-au-yeong/,1999-01-18,"Singapore, Singapore",,153
Winifer Bonilla,https://cdn.filepicker.io/kC67DxOTIym7lS2eSvme,Guatemala,https://www.psasquashtour.com/player/winifer-bonilla/,1995-03-02,"Guatemala City, Guatemala",Dunlop,157
Wong Po Yui Kirstie,https://www.squashinfo.com/img/players/WongPoYuiKirstie_Mar25a.jpg,Hong Kong,https://www.psasquashtour.com/player/wong-po-yui-kirstie/,,"Hong Kong, Hong Kong",,158
Xin Ying Yee,https://cdn.filepicker.io/eS3WnvU0TWSDeeYoGOP4,Malaysia,https://www.psasquashtour.com/player/xin-ying-yee/,2003-11-12,"Sandakan, Malaysia",,163
Yasshmita Jadish Kumar,https://www.psasquashtour.com/wp-content/uploads/2024/08/21-1-1024x1024.png,Malaysia,https://www.psasquashtour.com/player/yasshmita-jadish-kumar/,2004-07-28,"Johor, Malaysia",Dunlop,167
Yathreb Adel,https://www.psasquashtour.com/wp-content/uploads/2023/11/8E_5aI8w-1024x1024.png,Egypt,https://www.psasquashtour.com/player/yathreb-adel/,1996-03-06,"Cairo, Egypt",Head,173
Yeheni Kuruppu,https://cdn.filepicker.io/7hfOfq5MRBaht7PxmOZi,Sri Lanka,https://www.psasquashtour.com/player/yeheni-kuruppu/,2003-10-16,"Colombo, Sri Lanka",,170
Yiwen Chan,https://cdn.filestackcontent.com/mU8DhlZSdmeeWJS1K10d,Malaysia,https://www.psasquashtour.com/player/yiwen-chan/,2000-09-25,"Alor Setar, Malaysia",,165
Yu Jie Chen,https://cdn.filepicker.io/Ti0Wph8LTByKIrbg61zQ,Malaysia,https://www.psasquashtour.com/player/yu-jie-chen/,2005-05-24,"Seremban, Malaysia",,170
Zaina Zaidi,,United States,https://www.psasquashtour.com/player/zaina-zaidi/,,,,
Zeina Mickawy,https://www.psasquashtour.com/wp-content/uploads/2024/04/Zeina-Mickawy-copy-1024x1024.png,Egypt,https://www.psasquashtour.com/player/zeina-mickawy/,1998-10-17,"Alexandria, Egypt",Head,167
Zeina Zein,https://cdn.filepicker.io/Sp2dstUESOKwfgFJaiOc,Egypt,https://www.psasquashtour.com/player/zeina-zein/,2004-12-02,"Alexandria, Egypt",Head,160